timestamp;USD-EUR;USD-GBP;USD-CHF;EUR-USD;EUR-GBP;EUR-CHF;GBP-USD;GBP-EUR;GBP-CHF;CHF-USD;CHF-EUR;CHF-GBP;USD-PLN;EUR-PLN;GBP-PLN;CHF-PLN
01.01.2016;0.920961;0.678607;0.99957;1.0858223095223358;0.7368466199980237;1.0853554059292412;1.4736069624981765;1.3571345417892833;1.4729733115043022;1.0004301849795412;0.9213571835889434;0.6788989265384116;3.928846;4.266028637477591;5.789574820183111;3.930536130536131
02.01.2016;0.920862;0.677491;1.001164;1.0859390440695784;0.7357139289057426;1.0872030771168752;1.4760343679842243;1.3592239601706886;1.4777524719885577;0.9988373533207348;0.9197913628536384;0.6767033173386179;3.936752;4.275072703619;5.81078125023063;3.932174948360109
03.01.2016;0.920289;0.678475;1.000194;1.0866151828393038;0.7372412361768966;1.0868259861847747;1.473893658572534;1.3564081211540586;1.474179593942297;0.9998060376287;0.9201104985632788;0.6783434013801323;3.934986;4.2758155318601005;5.7997509119717;3.9342227607844076
04.01.2016;0.923285;0.679566;1.001684;1.0830891869791017;0.7360305864386403;1.0849131091699746;1.471527416027288;1.3586391903067547;1.474005468195878;0.998318831088447;0.9217328019614969;0.6784235347674517;3.96115;4.2902787330022685;5.828940823996492;3.954490637766002
05.01.2016;0.930028;0.68132;1.006762;1.0752364444941442;0.7325800943627504;1.0825071933318136;1.4677390946985263;1.3650384547642809;1.4776639464568777;0.9932834175306577;0.9237813902392026;0.6767438580319878;3.994319;4.294837359735406;5.862618152997123;3.9674908270276394
06.01.2016;0.92771;0.683499;1.007209;1.0779230578521304;0.7367593321188733;1.0856938051761864;1.463059931323967;1.3572953288885574;1.4736071303688814;0.9928425977130864;0.9210700063244074;0.6786069226942968;4.028386;4.342290155328713;5.89377014450643;3.999553220831029
07.01.2016;0.915366;0.683951;0.997224;1.0924591911869133;0.7471885562714804;1.0894265244721784;1.4620930446771772;1.338350261933969;1.4580342743851533;1.002783727627895;0.9179141296238358;0.6858549332948264;3.988093;4.3568288531581905;5.830963036825738;3.999194764666715
08.01.2016;0.915336;0.688751;0.996379;1.0924949963729165;0.7524570212468427;1.0885390719910502;1.4519035181074147;1.3289795586503685;1.4466461754683477;1.003634159290792;0.9186624768285964;0.6912540308456923;3.999718;4.369671901902689;5.807204635637553;4.014253612330248
09.01.2016;0.915399;0.688751;0.995283;1.0924198081929302;0.7524052353126888;1.0872668639576841;1.4519035181074147;1.3290710285720093;1.4450548892125021;1.0047393555400825;0.919737401322036;0.6920152358675874;3.996697;4.36607097014526;5.802818435109351;4.015638768068982
10.01.2016;0.914814;0.6889;0.994167;1.0931183825345918;0.7530492537280802;1.0867422230092674;1.451589490492089;1.3279343881550298;1.4431223689940487;1.0058672235147617;0.9201814182124332;0.6929419302793192;3.992954;4.364771418015028;5.7961300624183485;4.016381553602161
11.01.2016;0.920698;0.687321;1.0002;1.086132477750576;0.7465216607400037;1.0863497042461263;1.4549242639174418;1.339545859940261;1.4552152487702252;0.9998000399920016;0.9205138972205559;0.6871835632873425;4.004425;4.349336047216352;5.826135095537603;4.003624275144971
12.01.2016;0.921442;0.692697;1.001365;1.0852555017027659;0.7517532302630009;1.0867368754625903;1.4436326416889347;1.3302237486231354;1.4456032002448402;0.9986368606851647;0.9201859461834595;0.6917527574860315;4.014323;4.356566121361952;5.79520771708265;4.008850918496252
13.01.2016;0.919302;0.69393;1.005214;1.0877818170742586;0.7548444363223403;1.0934535114684838;1.4410675428357327;1.3247762742639746;1.4485812690040782;0.9948130447844936;0.9145336216964745;0.6903306161673037;4.004345;4.355853680292221;5.770531609816551;3.983574641817563
14.01.2016;0.920255;0.693662;1.005442;1.0866553292293983;0.7537715089839229;1.0925689075310647;1.4416243069391144;1.326661976582255;1.4494696264174771;0.9945874550695117;0.9152740784649936;0.6899075232584276;4.037772;4.387666462013247;5.8209502610781625;4.015917377630933
15.01.2016;0.916278;0.701436;1.001794;1.0913718325660988;0.765527492747834;1.0933297536337225;1.4256468159604014;1.3062888132345647;1.4282044263482343;0.9982092126724655;0.9146371409691014;0.7001798773001234;4.088185;4.461729955319237;5.828307928307074;4.080863930109384
16.01.2016;0.916268;0.701436;1.001173;1.091383743620862;0.7655358475904429;1.0926639367521294;1.4256468159604014;1.306274556766405;1.427319099675523;0.9988283743169262;0.9151944768786212;0.7006141795673674;4.095547;4.469813417035191;5.8388035401661735;4.090748551948564
17.01.2016;0.916103;0.701441;1.001607;1.091580313567361;0.7656791867290031;1.0933344831312635;1.4256366536886211;1.306030015354107;1.4279276517910986;0.9983955783056628;0.9146331844725527;0.7003155928423025;4.106578;4.482659700928825;5.85448811803131;4.099989317167313
18.01.2016;0.918217;0.701969;1.004552;1.0890671812872121;0.7644914001810029;1.0940246150964315;1.4245643326129787;1.3080591877988914;1.431048949455033;0.9954686268107575;0.9140562161042933;0.6987881164937206;4.097577;4.462536633497311;5.837262044335292;4.0790093494413435
19.01.2016;0.916607;0.706178;1.003778;1.090980103795847;0.7704261477383437;1.095101826627988;1.4160735678539973;1.2979829448099487;1.4214234937933496;0.9962362195624929;0.9131570925045178;0.7035201010582021;4.083863;4.4554132796280195;5.783050449036929;4.06849223633114
20.01.2016;0.918222;0.704754;1.004848;1.0890612509828779;0.7675202728751871;1.0943410199276427;1.4189348339988137;1.3028971811440588;1.42581383007404;0.9951753897106826;0.9137919366909224;0.7013538366001625;4.119532;4.486422673383997;5.845347454572802;4.099656863525628
21.01.2016;0.920069;0.703261;1.006393;1.0868750061136718;0.764356803674507;1.0938233980277567;1.421947186037616;1.3082895255104434;1.4310376943979548;0.9936476108240021;0.9142243636432288;0.6987936124356985;4.123492;4.4817203927096765;5.863387846048622;4.097297974051886
22.01.2016;0.926152;0.700919;1.013415;1.0797363715675181;0.7568077378227331;1.0942210349920962;1.4266983774159354;1.3213395556405234;1.4458375361489701;0.9867625799894417;0.9138921369823814;0.6916406408036194;4.131227;4.460636051101763;5.894014857636903;4.076540213042041
23.01.2016;0.926152;0.700919;1.014569;1.0797363715675181;0.7568077378227331;1.0954670507648854;1.4266983774159354;1.3213395556405234;1.4474839460765083;0.9856402078123814;0.9128526497458526;0.6908539488196465;4.131128;4.460529157200979;5.893873614497539;4.0718058604195475
24.01.2016;0.926321;0.700737;1.016367;1.07953938213643;0.7564731880201356;1.097208203203857;1.4270689288563325;1.3219239172471269;1.4504257660149242;0.9838965649219229;0.9114040499150404;0.6894527272136936;4.133984;4.462798533121887;5.899480118789217;4.0674126570421905
25.01.2016;0.921652;0.701957;1.013478;1.0850082243623407;0.7616291181487156;1.0996319652102964;1.424588685631741;1.3129750112898653;1.4437892919366857;0.9867012406781399;0.9093951718734891;0.6926218428027051;4.127272;4.478124064180406;5.879664993724686;4.072384403016147
26.01.2016;0.920335;0.696926;1.016759;1.0865608718564435;0.7572525221794238;1.1047705455078856;1.43487256896715;1.3205634457603819;1.4589195983504704;0.9835172346642617;0.9051653341647333;0.6854387322856252;4.100014;4.4549147864636245;5.88299762098128;4.0324344313647575
27.01.2016;0.917404;0.702039;1.014985;1.0900323085576256;0.765245191867487;1.1063664427013618;1.4244222899297618;1.3067707064707232;1.4457672579443592;0.9852362350182515;0.903859662950684;0.6916742611959782;4.112753;4.4830336471173;5.8582970461754975;4.052033281280019
28.01.2016;0.914078;0.696476;1.014538;1.0939985427939412;0.7619437290909529;1.1099030936090792;1.4357996542594433;1.3124328763661632;1.456673309633067;0.9856703248177989;0.9009795591688039;0.6864957251478013;4.080298;4.463840066165032;5.858490457675498;4.021828655013415
29.01.2016;0.923297;0.701976;1.021405;1.0830751101758156;0.7602927335407783;1.1062583329091287;1.4245501270698713;1.315282858673231;1.4550426225398017;0.9790435723341868;0.9039479932054377;0.6872650907328631;4.083967;4.423243008479395;5.817815708799161;3.9983816409749324
30.01.2016;0.923297;0.702;1.022196;1.0830751101758156;0.7603187273434224;1.1071150453212781;1.4245014245014247;1.315237891737892;1.4561196581196583;0.9782859647269212;0.9032484963744721;0.6867567472382986;4.080805;4.419818324981018;5.813112535612536;3.9921942562874433
31.01.2016;0.923322;0.702206;1.023253;1.0830457846775015;0.7605212482752496;1.1082298483086075;1.4240835310435969;1.3148876540502359;1.4571977453909537;0.9772754147801179;0.902339890525608;0.6862486599110875;4.084145;4.423316026261695;5.816163632894051;3.991334498897145
01.02.2016;0.918241;0.693213;1.020582;1.0890387164154074;0.7549357957224737;1.1114533112766694;1.442558059355494;1.3246159549806482;1.4722487893331488;0.9798330756372343;0.8997229032062096;0.6792330258617141;4.048319;4.408776127400105;5.839935200291975;3.966676856930653
02.02.2016;0.915409;0.693864;1.019143;1.0924078745129226;0.7579824974410345;1.1133198384547234;1.4412046164666275;1.319291676755099;1.468793596439648;0.9812165711779408;0.8982144802054276;0.6808308549438107;4.042235;4.415769344631744;5.825687742842978;3.9663079665954633
03.02.2016;0.902082;0.685419;1.008515;1.108546673140579;0.7598189521573426;1.1179859480623713;1.4589615986717615;1.31610299685302;1.4713846566844515;0.9915568930556312;0.89446562520141;0.6796319340812977;3.995879;4.429618371722304;5.829834013938919;3.9621413662662426
04.02.2016;0.892679;0.685892;0.99768;1.1202235069941155;0.7683523416592077;1.117624588457889;1.4579554798714667;1.301486239816181;1.454573023158165;1.0023253949162056;0.8947548312084035;0.687486969769866;3.963015;4.439462561570284;5.777899436062821;3.9722305749338465
05.02.2016;0.896115;0.689551;0.992975;1.1159282011795362;0.7694894070515503;1.10808880556625;1.4502190555883465;1.2995630489985512;1.4400312667228385;1.007074699765855;0.9024547445806792;0.6944293662982451;3.953237;4.411528654246386;5.733059628656909;3.9812049648782697
06.02.2016;0.896115;0.689551;0.991353;1.1159282011795362;0.7694894070515503;1.1062787700239367;1.4502190555883465;1.2995630489985512;1.4376790114146742;1.008722422789864;0.9039312938983389;0.6955655553571735;3.950901;4.408921845968431;5.729671916943054;3.985362428922896
07.02.2016;0.896687;0.689762;0.991945;1.1152163463951188;0.76923385752219;1.1062332787249063;1.4497754297859262;1.2999947808084529;1.4380974886990006;1.0081204099017587;0.9039684659935783;0.6953631501746569;3.954885;4.41055240011286;5.733695100628912;3.987000287314317
08.02.2016;0.892962;0.692938;0.987791;1.1198684826453982;0.7759994266273369;1.1061960083407805;1.4431305542487205;1.2886607459830461;1.4255113733118978;1.012359902044056;0.9039989228490642;0.701502645802604;3.968226;4.443891229414017;5.726668186764184;4.017272884648675
09.02.2016;0.885833;0.690966;0.977397;1.128880951601487;0.780018355604273;1.1033648554524385;1.4472492134200525;1.2820211124715255;1.414537039449119;1.0231257104329152;0.9063185174499205;0.7069450796349896;3.945215;4.45367806347246;5.709709305522993;4.036450899685594
10.02.2016;0.886449;0.688169;0.97521;1.1280964838360694;0.7763210291849841;1.1001309720017733;1.4531314255655223;1.2881268990611319;1.4171082975257532;1.025420165912983;0.9089826806533977;0.7056623701561715;3.918355;4.420282497921482;5.693884787021792;4.017960234205966
11.02.2016;0.883493;0.690543;0.972683;1.1318708806974136;0.7816055135694341;1.1009515638494023;1.4481357424519545;1.2794177915061045;1.4085770183753943;1.0280841754199468;0.908305172394295;0.7099363307470163;3.912686;4.42865534871244;5.6661004455913675;4.0225705599871695
12.02.2016;0.888439;0.689458;0.976138;1.1255696789537606;0.7760330197121018;1.0987113352745659;1.4504146735551693;1.288604962158681;1.4158048786147959;1.024445314084689;0.9101571704000869;0.7063120173582015;3.907036;4.397641256180785;5.6668223445082955;4.002544722160187
13.02.2016;0.888429;0.689458;0.976738;1.125582348167383;0.7760417546027876;1.0993990515843135;1.4504146735551693;1.2885904580119456;1.416675127418929;1.0238160079775744;0.9095878321515084;0.7058781372282025;3.907386;4.398084709076358;5.667329989644039;4.000444336147462
14.02.2016;0.889174;0.689483;0.977569;1.124639271953521;0.7754196591443294;1.0994124884443315;1.4503620828939945;1.2896242546951848;1.4178290110125995;1.0229456948818958;0.9095767153009148;0.7053036665442541;3.90898;4.396192421280874;5.669436374790967;3.998674262379433
15.02.2016;0.896134;0.692762;0.984992;1.1159045410619395;0.7730562616751513;1.0991570457096818;1.443497189510972;1.2935669104252254;1.4218331836907914;1.0152366719729704;0.9097880998018258;0.7033173873493389;3.932486;4.3882789850625015;5.676532488791245;3.9924039992202984
16.02.2016;0.897446;0.699142;0.987476;1.1142731707534492;0.7790351731469081;1.1003180135629331;1.4303245978642392;1.28363908905487;1.4124112126005874;1.0126828398867416;0.9088281639249967;0.7080091060440963;3.947715;4.398832910280953;5.646513869857626;3.997783237263488
17.02.2016;0.898772;0.699782;0.991628;1.1126292318852835;0.7785979091471474;1.1033142999559398;1.429016465127711;1.2843599863957633;1.4170527392816619;1.008442682134833;0.9063600463076881;0.7056900369896776;3.950952;4.395944688975624;5.645975460929261;3.984308631865982
18.02.2016;0.900208;0.697606;0.992528;1.1108543803209925;0.7749386808382062;1.102554076391234;1.4334739093413762;1.2904246809803817;1.4227629922907774;1.0075282510921606;0.9069849918591718;0.7028577531313978;3.954974;4.393400191955637;5.6693520411235;3.984748037334967
19.02.2016;0.898408;0.694854;0.990741;1.1130800260015494;0.7734281083872806;1.102774018040801;1.439151246161064;1.2929449927610692;1.4258261447728589;1.0093455302647212;0.9068040991540675;0.7013477790865624;3.932343;4.377012448687011;5.659236328782737;3.969092830517764
20.02.2016;0.898413;0.694179;0.990601;1.113073831300304;0.7726724791382137;1.1026120503599124;1.4405506360751335;1.2942094186081687;1.4270109006466631;1.0094881793981634;0.9069373037176421;0.7007654948864377;3.931392;4.375929555783364;5.663369246260691;3.9686937525805046
21.02.2016;0.89912;0.699442;0.990153;1.1121985941809769;0.7779184091111309;1.1012467746240768;1.4297111125725936;1.2854818555362704;1.415632747247091;1.0099449277030923;0.9080616833964045;0.7063979001225064;3.930427;4.371415383930954;5.619375159055361;3.969514812357282
22.02.2016;0.906714;0.706506;0.997445;1.102883599459146;0.7791938803194832;1.1000657318625278;1.415416146501233;1.283377635858719;1.4117997582469224;1.0025615447468281;0.9090365884835755;0.7083157467329025;3.948896;4.355172634369823;5.589331159254132;3.9590112738045704
23.02.2016;0.907471;0.713042;0.992189;1.1019635889190948;0.7857463213700492;1.093356151326048;1.4024419318918102;1.2726753823757928;1.391487457961803;1.0078724920352877;0.9146150582197545;0.7186554174658255;3.969778;4.374550812092067;5.567383127501606;4.00103004568686
24.02.2016;0.907752;0.717757;0.990069;1.1016224695731873;0.7906972388934422;1.090682256827856;1.3932291848076717;1.2647065789675336;1.3793930257733467;1.0100306140279112;0.9168573099450644;0.7249565434328314;3.971487;4.37507931681781;5.533191595484266;4.011323453213867
25.02.2016;0.907138;0.716296;0.990554;1.102368107167818;0.7896218656918793;1.0919551380275108;1.3960708980644871;1.2664289623284228;1.3828836123613701;1.009536077790812;0.9157885385350015;0.7231266543772474;3.955909;4.360867916458136;5.522729430291387;3.9936328559573733
26.02.2016;0.914709;0.720891;0.995521;1.0932438622556464;0.7881096611053351;1.0883472229966034;1.3871722632131627;1.2688589537114487;1.3809591186462309;1.0044991517004664;0.918824414552782;0.7241343979685009;3.99319;4.365530458320624;5.539242409740169;4.011155967578786
27.02.2016;0.914709;0.72082;0.995929;1.0932438622556464;0.788032040791115;1.0887932664924036;1.387308898199273;1.2689839349629588;1.3816611636747038;1.0040876407856383;0.9184480018153905;0.7237664532311039;3.993449;4.3658136084809485;5.540147332204989;4.009772785007767
28.02.2016;0.915162;0.721426;0.997443;1.0927027127437545;0.788304147243876;1.0899086719072688;1.3861435545710856;1.2685459076883838;1.3825991855020472;1.002563555010161;0.917508068130209;0.7232754152367604;4.001298;4.37222917909616;5.546373432618176;4.011555547535047
29.02.2016;0.919123;0.718288;0.997826;1.0879936635249037;0.781492792585976;1.0856283653004004;1.3921992292785066;1.2796023322121488;1.389172588154055;1.0021787365733104;0.9211255268954708;0.71985296033577;3.998264;4.350085897099735;5.5663800592519985;4.00697516400655
01.03.2016;0.920361;0.716524;0.997884;1.086530176745864;0.7785249483626534;1.0842310788918696;1.395626664284797;1.28448035236782;1.3926735182631704;1.002120486950387;0.9223126134901452;0.7180433797916391;3.987054;4.332054487315304;5.564438874343358;3.9955084959774885
02.03.2016;0.920163;0.710308;0.997023;1.086763975513034;0.7719371459187123;1.083528679157932;1.4078399792765954;1.2954422588510899;1.403648839658289;1.0029858889915277;0.9229105045721111;0.7124289008377942;3.979334;4.324596837734185;5.602265496094652;3.9912158495842123
03.03.2016;0.913165;0.705558;0.993118;1.0950923436618794;0.7726511638093883;1.087555918152798;1.4173179242528609;1.2942451223003637;1.4075639422981525;1.0069296901274571;0.9194929504852395;0.7104472983069485;3.966622;4.343817382400771;5.621964459335731;3.9941094613127546
04.03.2016;0.908517;0.70274;0.993361;1.1006948686705917;0.7735023120095716;1.0933873554374878;1.4230013945413666;1.2928209579645387;1.4135540882830064;1.006683370899401;0.9145889560794112;0.7074366720658452;3.934952;4.331181474865082;5.599442183453339;3.96125074368734
05.03.2016;0.908622;0.702697;0.992837;1.100567672805633;0.7733656019774999;1.0926843065653262;1.423088471987215;1.2930494935939674;1.4128948892623705;1.007214678743842;0.9151774158295874;0.7077667331092616;3.930247;4.325502794341321;5.593089197762335;3.9586024694889494
06.03.2016;0.909475;0.703137;0.993615;1.0995354462739493;0.7731240550867259;1.0925149124494902;1.4221979500438748;1.293453480616153;1.4131172161328447;1.0064260302028452;0.9153193138187327;0.7076553795987379;3.930079;4.321261167156877;5.589350297310482;3.9553338063535675
07.03.2016;0.907874;0.701059;0.99495;1.10147443367692;0.7721985649991078;1.0959119877868515;1.4264134687665375;1.2950037015429514;1.4192100807492665;1.0050756319413037;0.9124820342730791;0.7046173174531384;3.93135;4.330281514835759;5.607730590435327;3.951304085632444
08.03.2016;0.908353;0.703518;0.995755;1.1008935953313306;0.7744984604003069;1.096220302019149;1.4214277388780387;1.291158150893083;1.4153937781265014;1.0042630968461117;0.9122253968094561;0.7065171653669828;3.929991;4.32650192160977;5.586198220941042;3.9467449322373476
09.03.2016;0.909159;0.703503;0.996827;1.0999176161705488;0.7737953427288295;1.0964275775744396;1.4214580463764903;1.2923313759856037;1.4169477599953377;1.0031830999762246;0.9120529439912843;0.7057423203825739;3.9281;4.3205863880795325;5.583629351971491;3.9406035350166078
10.03.2016;0.894529;0.700025;0.987507;1.1179067419837703;0.7825626670571888;1.103940733056167;1.4285204099853577;1.277852933823792;1.4106739045034107;1.0126510495621803;0.9058457307138076;0.7088810509697653;3.889481;4.348077032717777;5.556202992750259;3.9386870169021586
11.03.2016;0.897031;0.695204;0.984964;1.1147886750848075;0.7750055460736586;1.0980267125662324;1.4384267064056018;1.2903133468737233;1.416798522448087;1.0152655325473825;0.9107246559265111;0.7058166592890706;3.864245;4.307816563753092;5.558433208094314;3.92323475781856
12.03.2016;0.89683;0.698079;0.982982;1.1150385245810241;0.7783849782009968;1.0960627989697045;1.4325026250610604;1.2847113292335108;1.4081242953877713;1.0173126262739298;0.9123564826212484;0.7101645808366785;3.855067;4.298548219840995;5.522393597286267;3.9218083342319594
13.03.2016;0.895835;0.695417;0.982437;1.1162769929730363;0.77627799762233;1.0966718201454508;1.437986129185798;1.2881983040391594;1.4127307787989078;1.0178769732817474;0.9118498183598541;0.7078489511286729;3.848915;4.296455262408814;5.534686382415155;3.9177219506187164
14.03.2016;0.900629;0.699254;0.986461;1.1103351102396215;0.7764062671754963;1.095302283182087;1.4300955017776087;1.287985481670466;1.4107334387790416;1.0137248203426186;0.9129899712203523;0.7088511355238575;3.853438;4.2786075065315465;5.510784350178905;3.90632574425142
15.03.2016;0.900308;0.706454;0.986655;1.1107309942819568;0.7846803538344655;1.095908289163264;1.4155203311185158;1.2744042782686487;1.3966302122997392;1.0135254977677102;0.9124851138442516;0.7160091419999899;3.860224;4.2876704416710725;5.464225554671642;3.9124354510948613
16.03.2016;0.891826;0.70184;0.980077;1.1212949611247036;0.786969655515762;1.0989554016142162;1.4248261712071126;1.2706970249629546;1.3964393593981534;1.0203279946371562;0.9099550341452763;0.7161069997561417;3.831025;4.295709028442768;5.4585446825487285;3.908902055654811
17.03.2016;0.883735;0.690788;0.971218;1.131560931727271;0.7816687129060181;1.0989923449902967;1.4476221358796042;1.279314348251562;1.4059566755647175;1.0296349532236841;0.9099244453871325;0.7112594700674822;3.796206;4.2956383983886575;5.495471837958969;3.9087063872374688
18.03.2016;0.887283;0.690757;0.970055;1.1270361316513446;0.7785080971910877;1.093287034689045;1.4476871027003708;1.2845081555452933;1.4043361124100082;1.030869383694739;0.9146728793728192;0.7120802428728268;3.787063;4.268156833839936;5.482482262213774;3.9039673008231492
19.03.2016;0.887332;0.690847;0.969078;1.1269738947767014;0.7785665342847998;1.0921256080024162;1.4474985054577931;1.2844117438448746;1.4027389566720272;1.0319086802094362;0.9156455930275994;0.7128910159966484;3.782447;4.262719027376449;5.475086379473313;3.9031398917321414
20.03.2016;0.887077;0.691361;0.969428;1.1272978557667486;0.779369772860755;1.0928341057202475;1.4464223466466868;1.2830879959963029;1.4022023226650042;1.031536122331932;0.9150519687898431;0.7131638450715267;3.782172;4.263634385741035;5.470618099661393;3.9014470388724076
21.03.2016;0.889553;0.695834;0.970398;1.1241601118764142;0.7822288272874128;1.0908827242446486;1.4371243716173685;1.278398296145345;1.3945826159687513;1.0305050092848502;0.9166888225243663;0.7170604226307143;3.78738;4.257621524518494;5.44293610257619;3.902914062065256
22.03.2016;0.891536;0.703506;0.972089;1.12165969742108;0.7890943270939142;1.0903530536063601;1.4214519847734064;1.2672756166969437;1.381777838426396;1.0287123915608551;0.9171341307225984;0.7237053397374108;3.792;4.253333572620735;5.3901459262607565;3.900877388798762
23.03.2016;0.894159;0.708296;0.974332;1.1183693280501565;0.7921365215806138;1.0896630241377652;1.4118391181088132;1.2624086540090584;1.3756000316251962;1.0263442030026726;0.9177149062126668;0.726955493609981;3.80798;4.258728033828436;5.376255124975999;3.9082981981501175
24.03.2016;0.894574;0.706775;0.975363;1.1178505076159155;0.7900687925202388;1.090310024659782;1.4148774362420855;1.2657125676488272;1.3800191008453893;1.0252593137119206;0.9171703253045277;0.7246276514487427;3.816373;4.266134495301674;5.399700045983517;3.9127719628487037
25.03.2016;0.895524;0.707494;0.977337;1.1166646566702847;0.7900335446062864;1.091357685556166;1.413439548603946;1.265769038324;1.3814067681139346;1.0231885214618908;0.9162898774936383;0.7238997398031589;3.817019;4.262330211138954;5.395125612372685;3.9055300270019453
26.03.2016;0.895514;0.707494;0.977607;1.1166771262090822;0.7900423667301683;1.091671375321882;1.413439548603946;1.265754903928514;1.3817883967920577;1.022905932547537;0.916026583279375;0.7236998098417871;3.817047;4.2624090745649985;5.395165188680045;3.9044800211127786
27.03.2016;0.895867;0.70769;0.978107;1.1162371200189314;0.7899498474661977;1.091799340750357;1.4130480860263674;1.2659031496841837;1.382112224278992;1.0223830317132994;0.9159192194718982;0.7235302477131849;3.817001;4.260678203349381;5.39360595741073;3.902437054432695
28.03.2016;0.893057;0.7014;0.974679;1.1197493553043087;0.7853921978104421;1.0913961818786482;1.42571998859424;1.2732492158540063;1.3896193327630453;1.02597880943367;0.916257557616405;0.7196215369367761;3.801128;4.256310627429156;5.419344168805246;3.899876779944987
29.03.2016;0.885801;0.69505;0.96859;1.128921732985174;0.784657050511345;1.0934623013521096;1.438745413998993;1.274442126465722;1.3935544205452846;1.0324285817528573;0.9145262701452627;0.7175894857473234;3.77009;4.256136536310074;5.424199697863464;3.89234867178063
30.03.2016;0.882426;0.695583;0.96683;1.133239501102642;0.788262131895479;1.0956499468510672;1.4376429556213997;1.2686135227571693;1.389956338783438;1.034307996235119;0.9127002678857711;0.7194470589452127;3.773277;4.276026545002074;5.4246250986582485;3.902730573110061
31.03.2016;0.878727;0.69595;0.962122;1.1380098710976219;0.7919979697903898;1.0949043332001862;1.4368848336805806;1.2626294992456355;1.3824585099504276;1.039369227603152;0.9133218032640351;0.7233490139504137;3.734335;4.249710091985338;5.365809325382571;3.8813528845614176
01.04.2016;0.877703;0.702744;0.958984;1.1393375663521714;0.8006626387285904;1.0926064967306708;1.4229932948555946;1.24896548387464;1.3646278018737974;1.0427702651973338;0.9152425900744956;0.7328005472458352;3.736352;4.256966194715069;5.31680384322029;3.896156765910589
02.04.2016;0.877703;0.702744;0.958449;1.1393375663521714;0.8006626387285904;1.0919969511326724;1.4229932948555946;1.24896548387464;1.3638665004610497;1.0433523327793133;0.9157534725374016;0.7332095917466658;3.73113;4.251016573943578;5.309372972234554;3.892883189402879
03.04.2016;0.877778;0.70332;0.95877;1.139240217913869;0.8012504300631822;1.09226934372928;1.421827901950748;1.2480492521185236;1.3632059375533188;1.0430030142787112;0.9155250998675386;0.7335648800025032;3.73122;4.250755885884586;5.3051527043166695;3.891673706937013
04.04.2016;0.877972;0.701036;0.958801;1.1389884871043723;0.7984719330457007;1.0920633004241593;1.4264602673757125;1.252392173868389;1.3676915308201005;1.0429692918551399;0.9156978351086409;0.7311590204849598;3.725793;4.243635332334061;5.314695678966558;3.8858876868088372
05.04.2016;0.878509;0.706328;0.956829;1.1382922656455425;0.8040076994088848;1.089151050245359;1.415772842079034;1.2437691837220102;1.3546525127136402;1.0451188247847838;0.9181462936428557;0.7381966892725867;3.742732;4.260322887984073;5.298858320780148;3.9115996693244037
06.04.2016;0.877476;0.707921;0.956501;1.139632309031814;0.8067696438421108;1.0900594432212392;1.412586997701721;1.2395111883953154;1.3511408758886938;1.0454772133013974;0.9173811632188571;0.7401152743175387;3.744852;4.267754331742406;5.289929243517284;3.9151574331861645
07.04.2016;0.87926;0.711536;0.956469;1.1373200191069763;0.8092441371153014;1.0878113413552306;1.4054102673652493;1.2357210316835692;1.3442313530165728;1.0455121911949055;0.9192770492300326;0.7439195624740582;3.772702;4.290769510724928;5.302194126509411;3.944405934745402
08.04.2016;0.8773;0.707941;0.953959;1.1398609369656902;0.8069542915764277;1.0873805995668528;1.412547090788639;1.239227562748873;1.3475120101816394;1.048263080488784;0.9196412005128103;0.7421084134643103;3.76727;4.294163912002736;5.3214462787153165;3.9490900552329817
09.04.2016;0.8773;0.707941;0.954022;1.1398609369656902;0.8069542915764277;1.0874524108058818;1.412547090788639;1.239227562748873;1.3476010006483592;1.0481938571647194;0.9195804708906083;0.7420594074350487;3.770544;4.297895816710362;5.3260709578905585;3.95226105896929
10.04.2016;0.876735;0.707864;0.953482;1.1405955049131151;0.8073864964898173;1.0875372832155668;1.4127007447758326;1.2385641874710396;1.3469847315303505;1.0487874967749784;0.9195087059850108;0.7423989126171233;3.768352;4.298165352130347;5.3235536769774985;3.9522004610469836
11.04.2016;0.876557;0.702751;0.954482;1.1408271224803406;0.8017174011501819;1.0888989535192806;1.422979120627363;1.2473223090397594;1.3582079570146468;1.0476886939722279;0.9183588585222141;0.7362642773776771;3.753422;4.282005619714405;5.3410411369033985;3.932417793106627
12.04.2016;0.87834;0.701032;0.955056;1.1385112826468111;0.7981328414964592;1.0873420315595328;1.426468406577731;1.2529242602334845;1.3623572105125017;1.0470590206228745;0.9196738201738955;0.734021879345295;3.765334;4.2868752419336476;5.371129991212955;3.9425269303580106
13.04.2016;0.886593;0.704043;0.964039;1.127913258958733;0.7940994345770833;1.087352370253318;1.4203677900355518;1.2592881400709899;1.3692899439380835;1.0373024327853957;0.9196650757905023;0.7303055166855282;3.792195;4.277267021057013;5.38631163153387;3.933653099096613
14.04.2016;0.887754;0.706871;0.96548;1.1264381799462464;0.7962464826967831;1.087553533974502;1.4146852820387312;1.2558925178710119;1.3658503461027542;1.0357542362348262;0.919494966234412;0.7321446327215478;3.810409;4.292190178810796;5.390529530847919;3.946647263537308
15.04.2016;0.886227;0.704004;0.967732;1.1283790721790241;0.7943833803303216;1.0919685362779514;1.420446474735939;1.258838017965807;1.3746115078891599;1.0333439423311412;0.9157773019803003;0.7274782687768927;3.807461;4.2962593105378195;5.408294555144574;3.9344167600120694
16.04.2016;0.886227;0.704004;0.967835;1.1283790721790241;0.7943833803303216;1.092084759322386;1.420446474735939;1.258838017965807;1.3747578138760577;1.0332339706664875;0.9156798421218493;0.7274008482850899;3.80725;4.296021222553589;5.407994840938404;3.9337800348199847
17.04.2016;0.88559;0.705194;0.967159;1.1291907090188462;0.7962985128558362;1.0921069569439583;1.4180495012719905;1.255810457831462;1.371479337600717;1.033956154055331;0.9156612304698607;0.7291396761028952;3.802616;4.293878657166409;5.392297722328891;3.931738214709267
18.04.2016;0.884149;0.700579;0.96536;1.1310310818651608;0.7923766243020124;1.0918521651893516;1.4273907724896122;1.262026124105918;1.377945956130572;1.0358829866578272;0.9158749067705312;0.7257178669097538;3.807232;4.30609772787166;5.434407825527171;3.9438468550592525
19.04.2016;0.880511;0.694862;0.962728;1.135704153610801;0.7891576595863083;1.0933741883974193;1.4391346771013525;1.267173913669189;1.385495249416431;1.0387149849178583;0.9145999700850085;0.7217635718499928;3.788692;4.302833241152013;5.452438038056478;3.935371153638411
20.04.2016;0.88492;0.697586;0.969805;1.1300456538444152;0.7883040274827103;1.0959239253265831;1.4335150074686132;1.2685461004091252;1.3902300218180983;1.031135125102469;0.9124720949056769;0.719305427379731;3.784493;4.276649866654613;5.425127511159914;3.902323663004418
21.04.2016;0.885892;0.698431;0.97279;1.128805768649;0.7883929418032898;1.0980909636840608;1.4317806626567262;1.2684030348022926;1.3928219108258368;1.027971093452852;0.910671367921134;0.7179668787713689;3.820059;4.312104635779531;5.469486606407791;3.9269102272844085
22.04.2016;0.89089;0.694145;0.977433;1.1224730325853922;0.7791590432039871;1.0971421836590376;1.4406211958596546;1.2834350171794078;1.4081106973326898;1.0230880275169756;0.9114588928345984;0.710171438860771;3.873083;4.347431220464928;5.579645463123699;3.96250484687953
23.04.2016;0.89089;0.694145;0.978301;1.1224730325853922;0.7791590432039871;1.0981164902513216;1.4406211958596546;1.2834350171794078;1.409361156530696;1.02218029011521;0.9106501986607394;0.7095413374820224;3.883418;4.359031979256699;5.594534283182908;3.969553337878628
24.04.2016;0.890497;0.692184;0.978546;1.1229684097756647;0.7773007657521587;1.0988762455123375;1.4447025646359928;1.2865032997006576;1.4137079158142922;1.021924365333873;0.9100205815567178;0.7073596948942615;3.888526;4.366691858591326;5.6177634848537386;3.9737794646342635
25.04.2016;0.887502;0.690595;0.975721;1.1267580242072694;0.7781334577274192;1.099401466137541;1.4480267016123778;1.2851265937343885;1.412870061323931;1.0248831377002239;0.909585834475224;0.707779170480086;3.908451;4.403878526470926;5.6595414099436;4.005705524427578
26.04.2016;0.885108;0.686026;0.974151;1.1298056282397175;0.7750760359187806;1.100601282555349;1.4576707005273852;1.290195998402393;1.419991370589453;1.0265349006468196;0.9085942528417053;0.7042296317511352;3.878034;4.381424639704985;5.652896537449018;3.9809372468949884
27.04.2016;0.882817;0.687897;0.971673;1.1327375888774232;0.7792067891760127;1.1006505311972923;1.453706005404879;1.283356374573519;1.412526875389775;1.0291528116969393;0.9085535977638567;0.7079511317078894;3.876331;4.39086583063081;5.6350456536371;3.989336947718008
28.04.2016;0.880903;0.684586;0.967962;1.1351987676282178;0.7771411835355312;1.098829269510945;1.4607368540986814;1.2867674769860908;1.4139377667670678;1.033098406755637;0.910059485806261;0.7072447058872147;3.874556;4.398391196306518;5.659706742469171;4.002797630485494
29.04.2016;0.87342;0.684428;0.961503;1.1449245494721898;0.783618419546152;1.100848389091159;1.461074064766491;1.2761313096483486;1.4048270964951755;1.0400383566145919;0.9083903014343169;0.711831372341012;3.828505;4.383349362277026;5.593729362328834;3.9817920484907483
30.04.2016;0.87342;0.684428;0.960269;1.1449245494721898;0.783618419546152;1.0994355521971102;1.461074064766491;1.2761313096483486;1.4030241310992537;1.0413748647514394;0.9095576343712022;0.7127461159320982;3.824487;4.378749055437247;5.587858766736603;3.982724632368638
01.05.2016;0.872856;0.685235;0.959227;1.1456643478420268;0.7850493093935312;1.0989521753874638;1.4593533605259508;1.2738053368552393;1.3998511459572263;1.0425061012669576;0.9099577055274715;0.7143616683016637;3.817697;4.373799343763461;5.571368946419841;3.97997241528856
02.05.2016;0.867514;0.681817;0.955745;1.1527191492010505;0.7859435121508126;1.1017055632531578;1.4666692088932953;1.2723560720838583;1.4017617630537225;1.0463041920177454;0.9076835348340824;0.7133879852889631;3.804421;4.385428938322609;5.5798271383670395;3.980581640500343
03.05.2016;0.869579;0.687595;0.954759;1.1499817727889012;0.7907217170607845;1.0979554474061586;1.4543444905794836;1.2646674277736167;1.3885484914811772;1.0473847326917054;0.9107837684693205;0.7201765052751531;3.820271;4.393242017114029;5.555990081370575;4.001293520144874
04.05.2016;0.870447;0.689636;0.956313;1.148835023844071;0.7922779905037297;1.098645868157395;1.450040311120649;1.2621832386940357;1.3866924000487213;1.0456827419474586;0.9102114056799395;0.7211404634256776;3.825104;4.394413445046052;5.546554994228839;3.999845238954192
05.05.2016;0.876985;0.69026;0.965559;1.140270358101906;0.7870830173834216;1.100998306698518;1.448729464259844;1.2705140092139195;1.3988337727812707;1.0356694930087131;0.9082666103262463;0.7148812242441943;3.855465;4.396272456199365;5.58552574392258;3.9929874818628384
06.05.2016;0.876834;0.693019;0.970547;1.1404667246023763;0.7903651090172142;1.1068765581626625;1.4429618812759821;1.2652380382067445;1.4004623249867607;1.0303468044309034;0.9034431099163667;0.7140499120599002;3.879944;4.424947025320642;5.59861129348546;3.997687901770857
07.05.2016;0.876834;0.693019;0.971891;1.1404667246023763;0.7903651090172142;1.108409345440528;1.4429618812759821;1.2652380382067445;1.4024016657551956;1.0289219675869001;0.9021937645270921;0.7130624730551061;3.884386;4.430012978511326;5.6050209301620875;3.996730085987009
08.05.2016;0.877215;0.69331;0.972428;1.1399713867181933;0.7903535621255906;1.1085400956435993;1.4423562331424615;1.2652565230560644;1.4025875870822575;1.0283537701505923;0.9020873524826517;0.7129679523831071;3.888989;4.4333361832618;5.609307524772468;3.999256500224181
09.05.2016;0.878552;0.693958;0.971676;1.1382365528733644;0.7898883617588941;1.105997140749779;1.4410093982632954;1.2660016888630148;1.4001942480668859;1.02914963424022;0.9041614694610137;0.7141866218780746;3.893111;4.431281244593377;5.610009539482217;4.006593761706577
10.05.2016;0.879172;0.692177;0.974681;1.1374338582211445;0.7873055556819372;1.1086351703648434;1.4447171749422474;1.2701548881283253;1.4081383807898846;1.025976704172955;0.9020099909611452;0.7101574771643235;3.884689;4.41857679725924;5.612276917609224;3.9856004169569323
11.05.2016;0.875338;0.692427;0.971577;1.1424158439368564;0.7910395755696658;1.1099449584046392;1.4441955614093616;1.2641592543329476;1.4031471909674234;1.0292545006726177;0.9009455761097679;0.7126836061372387;3.877714;4.429961911855764;5.600177347214941;3.9911545868212195
12.05.2016;0.87903;0.692249;0.97122;1.137617601219526;0.7875146468266158;1.1048769666564282;1.4445669116170627;1.2698176523187465;1.4029922759007236;1.0296328329317765;0.9050781491320196;0.7127622989641894;3.880095;4.414064366403877;5.605056850930806;3.9950732068944212
13.05.2016;0.884388;0.696434;0.974572;1.1307254282057198;0.7874756328670222;1.1019733420173046;1.4358862433482569;1.2698805629822782;1.3993745279523975;1.0260914534790657;0.9074629683594438;0.7146049753122397;3.893226;4.402169635951641;5.590229655645761;3.9948059250624888
14.05.2016;0.884388;0.696434;0.975078;1.1307254282057198;0.7874756328670222;1.1025454890839768;1.4358862433482569;1.2698805629822782;1.4001010863915317;1.0255589809225518;0.9069920560201338;0.7142341433198165;3.895429;4.404660624069979;5.593392913039858;3.994992195496155
15.05.2016;0.884634;0.69652;0.975271;1.1304109948295;0.7873538661186434;1.1024570613383613;1.4357089530810314;1.270076953999885;1.4002053063802906;1.0253560292472554;0.9070648055771166;0.7141809814912984;3.891259;4.398721957329245;5.586715385057141;3.9899258770126456
16.05.2016;0.883873;0.694569;0.976918;1.1313842599558985;0.7858244340533085;1.1052696484675966;1.4397417679165065;1.2725488756336665;1.4065096484294577;1.0236273668823792;0.9047565916484291;0.7109798365881271;3.876729;4.386070170714571;5.5814886641931905;3.968325898386559
17.05.2016;0.884107;0.692861;0.978517;1.1310848121324681;0.783684554018914;1.1067857171134263;1.4432909342566547;1.2760236180128481;1.412284715116019;1.0219546517842817;0.903517261325046;0.7080725219899092;3.877719;4.386029066617502;5.596676678294781;3.962852970362293
18.05.2016;0.889325;0.687725;0.982935;1.1244483175442048;0.7733112191830883;1.105259607005313;1.4540695772292704;1.2931404267694209;1.4292558798938528;1.0173612700738095;0.9047648115083907;0.6996647794615107;3.910579;4.397243977173699;5.686253953251662;3.978471618163968
19.05.2016;0.892629;0.687547;0.984592;1.1202862555440165;0.770249454140522;1.1030248849185944;1.4544460233264054;1.2982806993558258;1.432035918998992;1.0156491216666395;0.9065978598241708;0.6983065066545331;3.922129;4.393907211170598;5.70452492702317;3.9835068739132553
20.05.2016;0.891074;0.689554;0.989952;1.1222412504460908;0.7738459432101037;1.1109649703616087;1.450212746209869;1.2922468726162128;1.4356410085359523;1.01014998707008;0.9001183895784846;0.696552964184122;3.935369;4.4164334275267825;5.707122284839186;3.975312944465994
21.05.2016;0.891074;0.689554;0.99043;1.1222412504460908;0.7738459432101037;1.1115014016793219;1.450212746209869;1.2922468726162128;1.4363342102286405;1.0096624698363337;0.8996839756469412;0.6962167947255232;3.937687;4.4190347827453165;5.7104838779849;3.9757347818624234
22.05.2016;0.891374;0.689831;0.990931;1.121863549980143;0.773896254546352;1.111689369445373;1.449630416725256;1.2921628630780584;1.4364837184759747;1.0091519994833142;0.8995318543874397;0.6961443329555741;3.93805;4.417954752999302;5.708717062584895;3.9740910315652656
23.05.2016;0.891402;0.690518;0.989668;1.1218283109079854;0.7746426415915602;1.110237580799684;1.4481881717782883;1.2909178326995097;1.433225491587475;1.0104398646818933;0.9007081162571691;0.6977269144804116;3.956305;4.438294955586817;5.7294741049473;3.997608288840298
24.05.2016;0.897573;0.683903;0.992735;1.11411550926777;0.7619469391347556;1.1060214600929397;1.4621956622503482;1.3124273471530319;1.4515728107640995;1.0073181664794733;0.9041415886414803;0.6889079160098113;3.967156;4.41987002728469;5.800758294670443;3.996188308058042
25.05.2016;0.89639;0.680285;0.991411;1.1155858499090798;0.7589163199053983;1.1060040830442106;1.4699721440278706;1.317668330185143;1.4573465532828154;1.0086634100287368;0.9041557941156594;0.6861785878913992;3.95395;4.4109706712480055;5.812196358878999;3.9882046900831236
26.05.2016;0.893438;0.681904;0.989965;1.1192718465075362;0.7632359492208749;1.108039953527833;1.4664820854548442;1.310210821464605;1.451765937727305;1.0101367220053235;0.9024945326349921;0.688816271282318;3.941825;4.4119737463595685;5.780615746498041;3.981782184218634
27.05.2016;0.899673;0.683935;0.993842;1.11151496154714;0.7602039852257432;1.1046702524139327;1.4621272489344748;1.3154364084306258;1.4531234693355364;1.006196155928206;0.9052475141923967;0.6881727679047575;3.947115;4.387277377447139;5.771184396178;3.9715719400065606
28.05.2016;0.899673;0.683935;0.993991;1.11151496154714;0.7602039852257432;1.1048358681432031;1.4621272489344748;1.3154364084306258;1.4533413262956276;1.0060453263661342;0.905111816907799;0.6880696102882219;3.946259;4.386325920640055;5.769932815252912;3.9701154235802942
29.05.2016;0.899723;0.684366;0.994834;1.1114531917045578;0.7606407749940814;1.105711424516212;1.4612064304772592;1.3146810332482912;1.4536578380574137;1.0051928261398384;0.9043951051130139;0.6879197936540167;3.948929;4.389049740864689;5.770200448298133;3.969435101735566
30.05.2016;0.897693;0.683585;0.992744;1.1139665787747037;0.7614908437517058;1.1058836372791143;1.462875867668249;1.3132134262747135;1.4522612403724482;1.0073090343532674;0.9042542689756876;0.6885813462483783;3.946505;4.396274672967262;5.773246926132083;3.9753501406203413
31.05.2016;0.898306;0.690143;0.9935;1.1132064129595036;0.7682716134591108;1.105970571275267;1.4489750674860138;1.3016229969730913;1.4395567295473548;1.0065425264217414;0.9041831907398088;0.6946582788122797;3.94217;4.388448924976567;5.71210604179134;3.9679617513839958
01.06.2016;0.894038;0.693793;0.989448;1.1185206892771895;0.7760218245756891;1.1067180589639367;1.4413521035813275;1.288623551981643;1.4261429561843375;1.0106645321431749;0.9035724969882197;0.7011919777492096;3.924509;4.3896445117545335;5.656599302673852;3.9663620523766787
02.06.2016;0.896741;0.693701;0.990501;1.1151491902344155;0.7735801084148043;1.1045563880763787;1.4415432585508743;1.2926909432161695;1.4278500391378994;1.009590096324991;0.9053408325685689;0.7003536594107427;3.932417;4.385231633214049;5.668749216160853;3.970129257820033
03.06.2016;0.879809;0.688891;0.978331;1.1366103324698884;0.7830006285455139;1.1119811231755983;1.4516084547482837;1.2771381829636328;1.420153551142343;1.0221489455000403;0.899295841591445;0.7041492092144683;3.874658;4.403976317587113;5.624486312058076;3.960477588873296
04.06.2016;0.879809;0.688891;0.977869;1.1366103324698884;0.7830006285455139;1.1114560092019974;1.4516084547482837;1.2771381829636328;1.4194829080362494;1.0226318658225182;0.8997207192374438;0.7044818886783404;3.872054;4.401016584281361;5.620706323641911;3.9596858065855445
05.06.2016;0.880178;0.691152;0.97644;1.136133827475806;0.7852411671275583;1.109366514500476;1.4468597356297892;1.2734941083871565;1.4127717202583512;1.0241284666748598;0.9014153455409447;0.7078284379992626;3.863764;4.38975298178323;5.590324559575897;3.956990700913523
06.06.2016;0.880554;0.691999;0.97155;1.1356486938904373;0.7858677605234887;1.1033394885492542;1.4450887934809153;1.2724787174547938;1.4039760173063833;1.0292831043178425;0.9063393546394936;0.7122628789048427;3.841709;4.362831808157138;5.551610623714773;3.9542061654057945
07.06.2016;0.880604;0.687857;0.967195;1.1355842126540419;0.7811195497635713;1.098331372557926;1.4537905407664673;1.2802137653611143;1.4060989420766234;1.0339176691360066;0.910472035111844;0.7111875061388861;3.838475;4.358911610667223;5.580338645968565;3.9686671250368333
08.06.2016;0.877204;0.689124;0.96055;1.1399856817798368;0.7855914929708483;1.0950132466336224;1.4511176508146575;1.2729262077652208;1.3938710594900192;1.0410702201863515;0.9132309614283484;0.7174264744156993;3.79943;4.331295798924765;5.513419936034734;3.9554734266826297
09.06.2016;0.883622;0.691446;0.963791;1.131705638836516;0.7825133371509537;1.0907277093598846;1.4462445368112622;1.2779334901062411;1.3938774683778632;1.037569348541333;0.9168191028967899;0.7174231757715107;3.82723;4.331297772124279;5.535110478620167;3.971016537817847
10.06.2016;0.888707;0.701358;0.96415;1.1252302502399554;0.7891892378477946;1.0848907457688528;1.4258053661610761;1.2671232095449114;1.3746902437842015;1.0371830109422808;0.9217518021054816;0.7274366021884562;3.874511;4.35971698208746;5.524298575050117;4.018576984908988
11.06.2016;0.888707;0.701358;0.964769;1.1252302502399554;0.7891892378477946;1.0855872632937515;1.4258053661610761;1.2671232095449114;1.3755728173058552;1.0365175497968944;0.9211604021273486;0.7269698756904504;3.883272;4.3695751243098115;5.536790055863054;4.025079578634886
12.06.2016;0.888807;0.702975;0.964299;1.1251036501737723;0.7909197384809076;1.0849363247589183;1.4225256943703546;1.2643507948362318;1.3717401045556386;1.0370227491680484;0.9217130786198057;0.7290010670964089;3.888;4.374402991875626;5.530779899711939;4.031944448765373
13.06.2016;0.88577;0.703859;0.963578;1.128961242760536;0.7946295313681881;1.0878422163767119;1.4207390968929856;1.2584480698548999;1.3689929375059493;1.0377987044120973;0.9192509584071035;0.7304639582887944;3.90586;4.4095645596486674;5.549208008990437;4.053496447615035
14.06.2016;0.89219;0.708665;0.963758;1.1208374897723579;0.7942982996895279;1.0802160974680282;1.4111039771965597;1.2589728574149988;1.359962746855002;1.037604875912833;0.9257406942406704;0.7353142593887677;3.943097;4.419570943408915;5.564119859171823;4.091376673397264
15.06.2016;0.887801;0.704392;0.961578;1.126378546543651;0.7934120371569755;1.0831008300283511;1.4196640506990426;1.2603791638746606;1.365117718543084;1.0399572369584162;0.9232750749289188;0.7325375580556127;3.931722;4.428607311773697;5.581724380742541;4.088822747608618
16.06.2016;0.890228;0.70368;0.964878;1.1233077368943687;0.7904491882978293;1.0838549225591647;1.4211005002273762;1.2651034561164167;1.3711886084583902;1.0364004568453213;0.9226327058964968;0.7292942734729158;3.942118;4.428211649150555;5.602145861755344;4.085612896138164
17.06.2016;0.88682;0.696445;0.960485;1.12762454613112;0.785328477030288;1.0830664621907489;1.4358635642441255;1.2733525260429754;1.379125415503019;1.04114067372213;0.9233043722702593;0.7250972165104087;3.92045;4.42079565187975;5.629231310440883;4.0817399542939246
18.06.2016;0.88682;0.696445;0.960436;1.12762454613112;0.785328477030288;1.0830112085879884;1.4358635642441255;1.2733525260429754;1.379055058188371;1.0411937911531846;0.9233514778704672;0.7251342098796797;3.917968;4.417996887756253;5.625667497074429;4.079363955536861
19.06.2016;0.885093;0.691204;0.962;1.1298247754755715;0.7809394041078169;1.0868914340074998;1.4467508868582935;1.2805090827020678;1.3917743531576783;1.0395010395010396;0.9200550935550936;0.7185072765072765;3.907209;4.414461531161132;5.6527580858907065;4.061547817047817
20.06.2016;0.883703;0.681114;0.961472;1.1316019069755336;0.7707499012677336;1.0880035487035802;1.4681830060753414;1.2974377270177972;1.4116168512172704;1.0400718897690209;0.919114649204553;0.7084075251281369;3.885489;4.396826761932459;5.704608920092672;4.0411878869067435
21.06.2016;0.88837;0.681982;0.961622;1.1256571023334871;0.7676778819635962;1.0824566340601325;1.4663143602030553;1.3026296881735882;1.4100401476871824;1.0399096526493778;0.9238245381241278;0.709199664733128;3.902284;4.39263369992233;5.721975066790619;4.058022798979224
22.06.2016;0.882509;0.676263;0.959625;1.133132919890902;0.766295867804181;1.0873826782503067;1.4787146420845145;1.304978980071363;1.4190115384103523;1.0420737267161653;0.9196394424905563;0.704715904650254;3.863984;4.378407472331727;5.713729717580291;4.026556206851635
23.06.2016;0.878304;0.669428;0.963465;1.1385579480453238;0.762182570044085;1.0969607334134879;1.4938126280944328;1.3120216065058528;1.4392361837270027;1.037920422641196;0.911609658887453;0.6948129926878507;3.826052;4.356181914234707;5.715404793345961;3.9711375088871934
24.06.2016;0.899972;0.731488;0.969157;1.111145680087825;0.8127897312360829;1.0768746138768763;1.3670764250404654;1.2303305043965178;1.3249116868629425;1.03182456506015;0.9286132174663134;0.7547672874467192;3.971492;4.412906179303356;5.4293330854368085;4.097883005539866
25.06.2016;0.899972;0.731488;0.97176;1.111145680087825;0.8127897312360829;1.0797669260821448;1.3670764250404654;1.2303305043965178;1.3284701867973225;1.0290606734173047;0.9261257923767185;0.7527455338766774;3.998737;4.443179343357349;5.466579082637036;4.114942990038693
26.06.2016;0.901722;0.743452;0.971766;1.1089892450223018;0.8244802721903203;1.077678042678342;1.3450767500793595;1.2128852972350603;1.307099853117619;1.0290543196613176;0.9279209192336427;0.7650524920608459;4.01903;4.457061045421981;5.405903810871449;4.135800182348425
27.06.2016;0.907656;0.7563;0.977347;1.1017389848136299;0.8332451942145482;1.0767812915906467;1.322226629644321;1.200126933756446;1.2922742298029883;1.0231780524215044;0.928693698348693;0.7738295610463838;4.04024;4.45128991600342;5.3421129181541716;4.133884894515458
28.06.2016;0.902988;0.748678;0.979602;1.1074344288074702;0.8291117932907192;1.0848449813286556;1.3356877055289458;1.2061099698401716;1.3084423477115663;1.0208227422973821;0.9217906864216284;0.7642675290577193;4.005718;4.436070025293803;5.350388284415997;4.089128033629985
29.06.2016;0.898898;0.743363;0.979457;1.1124732728296203;0.826971469510445;1.0896197343858813;1.3452377909581188;1.209231559816671;1.317602571018466;1.0209738661319485;0.9177513663182763;0.7589541960494437;3.982906;4.430876473192732;5.357955669033837;4.066442937260135
30.06.2016;0.9009;0.75188;0.977225;1.11000111000111;0.8345876345876345;1.0847208347208346;1.3299994680002127;1.1981965207213918;1.299708730116508;1.0233057893525033;0.9218961856276702;0.7694031568983601;3.950812;4.385405705405705;5.254577858168857;4.042888792243342
01.07.2016;0.8978;0.75343;0.974229;1.1138338159946535;0.8391958119848518;1.0851292047226553;1.3272633157692153;1.1916170048976016;1.293058412858527;1.0264527128631975;0.9215492456085788;0.7733602674525188;3.964837;4.4161695255067945;5.2623827031044685;4.0697176947103815
02.07.2016;0.8978;0.753338;0.973558;1.1138338159946535;0.8390933392737803;1.0843818222321229;1.3274254053293475;1.1917625289046883;1.292325622761629;1.027160169193823;0.9221843999022143;0.7737987875401362;3.960514;4.411354421920249;5.257286901762556;4.068082230334505
03.07.2016;0.89805;0.752785;0.974138;1.1135237458938811;0.8382439730527254;1.0847257947775735;1.3284005393306189;1.1929701043458623;1.2940454445824503;1.0265485998903647;0.921891970131542;0.7727703877684682;3.961583;4.41131674182952;5.262568993803011;4.0667574819994705
04.07.2016;0.8969;0.752878;0.971526;1.114951499609767;0.8394224551232021;1.0832043706098784;1.3282364473394095;1.1912952696187165;1.2904162427378671;1.0293085311149677;0.9231868215570145;0.7749437482887747;3.975483;4.432470732523135;5.2803814163782175;4.091998567202525
05.07.2016;0.9036;0.768423;0.976261;1.1066843736166445;0.8504017264276228;1.0804127932713592;1.301366565029938;1.1759148281610519;1.2704734241426923;1.0243162432996913;0.9255721574456011;0.7871081606250787;4.004114;4.431290393979638;5.2108200821682855;4.1014790102237
06.07.2016;0.90105;0.774705;0.974751;1.1098163253981466;0.8597802563675712;1.0817945729981688;1.2908139227189706;1.1630878850659283;1.2582221619842393;1.0259030254906125;0.9243899211183163;0.7947722033627049;4.000643;4.439978913489817;5.164085684228191;4.10427175760784
07.07.2016;0.904;0.77523;0.978628;1.1061946902654867;0.8575553097345132;1.0825530973451327;1.2899397598132167;1.166105542871148;1.2623711672664888;1.021838737497803;0.923742218698014;0.7921600444704218;4.005399;4.43075110619469;5.166723424016098;4.092871857334963
08.07.2016;0.9047;0.772123;0.98177;1.1053387863380126;0.8534574997236654;1.0851884602630708;1.29513043906217;1.1717045082195452;1.2715202111580668;1.0185685038247247;0.9214989254102284;0.7864601688786579;3.99423;4.414977340554881;5.173048853615292;4.06839687503183
09.07.2016;0.9047;0.772123;0.982533;1.1053387863380126;0.8534574997236654;1.0860318337570465;1.29513043906217;1.1717045082195452;1.2725083956830712;1.0177775199408061;0.9207833222904472;0.7858494320292551;3.993475;4.414142809771195;5.1720710301338;4.064469081445611
10.07.2016;0.905;0.772845;0.983208;1.1049723756906078;0.8539723756906077;1.086417679558011;1.2939205144627965;1.170998065588831;1.2721930011839373;1.0170787869911555;0.9204563022269958;0.7860442551321796;3.992743;4.411870718232044;5.166292076677729;4.060934207207427
11.07.2016;0.90395;0.769668;0.982726;1.1062558769843465;0.851449748326788;1.0871464129653188;1.2992614997635343;1.174467432711247;1.276818056616619;1.0175776360857451;0.9198393041397094;0.7831969440108434;4.000963;4.426088832346921;5.198297187878409;4.071290471606531
12.07.2016;0.9038;0.754655;0.987803;1.1064394777605664;0.8349800840894003;1.0929442354503207;1.3251088245622171;1.197633355639332;1.3089464722290318;1.0123476037226047;0.9149597642444901;0.7639731808872822;3.979701;4.403298296083204;5.27353691421908;4.028840770882454
13.07.2016;0.90095;0.76209;0.984201;1.1099395082967978;0.8458737998779067;1.0924035740052167;1.3121809760002099;1.1822094503273892;1.2914498287603826;1.0160526152686291;0.9154126037262714;0.7743235375700696;3.973672;4.4105355458127535;5.2141768032647065;4.037459827819724
14.07.2016;0.90015;0.749475;0.982312;1.1109259567849803;0.8326112314614231;1.0912758984613675;1.3342673204576536;1.201040728509957;1.3106668000933988;1.0180064989534894;0.9163585500329835;0.7629704208031665;3.97022;4.410620452146865;5.297334801027386;4.041709762275122
15.07.2016;0.90604;0.75872;0.982204;1.1037040307271202;0.8374023221932806;1.0840625137963005;1.3180092787853228;1.1941691269506538;1.2945539856600592;1.018118435681386;0.922456027464763;0.7724668195201811;4.010604;4.426519800450311;5.286013285533531;4.083269870617509
16.07.2016;0.90604;0.75872;0.982204;1.1037040307271202;0.8374023221932806;1.0840625137963005;1.3180092787853228;1.1941691269506538;1.2945539856600592;1.018118435681386;0.922456027464763;0.7724668195201811;4.010604;4.426519800450311;5.286013285533531;4.083269870617509
17.07.2016;0.904603;0.75609;0.98374;1.1054573111077455;0.8358252183554554;1.0874825752291335;1.3225938711000012;1.1964223835786745;1.3010884947559151;1.0165287575985524;0.9195549637099234;0.7685872283326897;3.999401;4.421167075501629;5.289583250671217;4.0655061296684085
18.07.2016;0.903095;0.75373;0.98267;1.1073032183768043;0.8346076547871487;1.0881136536023344;1.3267350377456117;1.1981677789128733;1.3037427195414804;1.0176356253879735;0.9190216451097519;0.7670224999236773;3.947202;4.370749478183359;5.236891194459554;4.01681337580266
19.07.2016;0.907803;0.76299;0.98605;1.1015605808749254;0.8404797076017593;1.0861938107717202;1.3106331668829212;1.1897967207958167;1.2923498342049045;1.0141473556107703;0.9206460118655241;0.7737842908574616;3.978301;4.382339560455297;5.214093238443493;4.034583438973683
20.07.2016;0.907395;0.75399;0.98643;1.1020558852539413;0.8309391169226192;1.0871009868910453;1.3262775368373585;1.2034576055385349;1.3082799506624756;1.013756678122117;0.9198777409446184;0.7643623977372951;3.965097;4.369758484452747;5.2588190824812;4.0196435631519725
21.07.2016;0.906199;0.75502;0.98495;1.103510376859829;0.833172404736708;1.0869025456880883;1.324468226007258;1.2002317819395512;1.3045349792058487;1.0152799634499212;0.9200456875983553;0.7665566780039597;3.95197;4.361039904038738;5.234258695133904;4.012355957155186
22.07.2016;0.910704;0.76277;0.987104;1.0980516172104218;0.8375608320595934;1.0838911435548761;1.3110111829253905;1.1939431283348847;1.2941043827103846;1.013064479527993;0.9226018737640613;0.7727351930495672;3.969038;4.358208594669618;5.203453203455826;4.020891415696826
23.07.2016;0.910704;0.76277;0.987104;1.0980516172104218;0.8375608320595934;1.0838911435548761;1.3110111829253905;1.1939431283348847;1.2941043827103846;1.013064479527993;0.9226018737640613;0.7727351930495672;3.969038;4.358208594669618;5.203453203455826;4.020891415696826
24.07.2016;0.911297;0.76173;0.98778;1.0973370920786527;0.8358745831490721;1.0839276328134515;1.312801123757762;1.1963517256770773;1.296758694025442;1.0123711757678835;0.922570815363745;0.77115349571767;3.977701;4.364878848498349;5.221930342772374;4.026909838223086
25.07.2016;0.909598;0.76301;0.986019;1.0993867620641207;0.8388430933225446;1.0840162357437022;1.310598812597476;1.192118058741039;1.2922753305985506;1.014179239953794;0.9224954083034912;0.7738289018771444;3.968196;4.362582151675795;5.200712965754053;4.024462003267685
26.07.2016;0.909906;0.76039;0.99196;1.0990146234885803;0.8356797295544814;1.0901785459157318;1.3151146122384565;1.1966306763634451;1.3045410907560593;1.0081051655308682;0.9172809387475301;0.7665530868180169;3.967804;4.360674619136482;5.218117018898197;3.9999637082140413
27.07.2016;0.902899;0.75531;0.98465;1.107543590146849;0.8365387490738168;1.0905427960380951;1.3239596986667725;1.1954018879665302;1.3036369172922375;1.0155892956888235;0.916974559488143;0.7670847509267252;3.9489;4.373578883130893;5.228184454065218;4.010460569745595
28.07.2016;0.902021;0.75989;0.97959;1.1086216396292325;0.8424304977378575;1.0859946719644;1.3159799444656464;1.1870415454868468;1.2891207937991025;1.0208352473994222;0.9208148306944742;0.7757224961463469;3.932596;4.3597610255193615;5.175217465685823;4.014532610581979
29.07.2016;0.894604;0.75576;0.96889;1.1178130211803212;0.8447983688872395;1.0830378580914015;1.3231713771567695;1.1837144066899545;1.2820075156134223;1.032108908131986;0.9233287576505073;0.7800266284098297;3.896704;4.355786470885443;5.156007198052292;4.021822910753543
30.07.2016;0.894604;0.75576;0.96889;1.1178130211803212;0.8447983688872395;1.0830378580914015;1.3231713771567695;1.1837144066899545;1.2820075156134223;1.032108908131986;0.9233287576505073;0.7800266284098297;3.896704;4.355786470885443;5.156007198052292;4.021822910753543
31.07.2016;0.895203;0.75675;0.96943;1.1170650679231415;0.8453389901508374;1.082916388796731;1.3214403700033035;1.1829573835480673;1.2810439378923026;1.031533994202779;0.9234323262123103;0.780613350112953;3.897143;4.353362310001195;5.1498420878757845;4.020035484769401
01.08.2016;0.895198;0.75857;0.96816;1.1170713071298193;0.8473767814494669;1.081503756710806;1.3182699025798543;1.1801125802496804;1.2762961888817117;1.0328871260948604;0.9246384895058668;0.7835171872417782;3.902497;4.359367424860198;5.144544340008173;4.030838910923814
02.08.2016;0.891196;0.74983;0.96487;1.1220876215781939;0.8413749612879771;1.082668683432152;1.3336356240747902;1.1885307336329567;1.286785004601043;1.0364090499238239;0.9236435996559121;0.7771305979043809;3.855197;4.325868832445388;5.14142805702626;3.995561060039176
03.08.2016;0.896299;0.75062;0.97277;1.115699113800194;0.8374660688007015;1.0853186269314148;1.3322320215288697;1.1940782286643041;1.2959553435826385;1.0279922283787535;0.9213884063036483;0.7716315264656598;3.838979;4.283145468197555;5.114410753776879;3.9464405769092386
04.08.2016;0.897895;0.76176;0.97386;1.1137159690164218;0.8483842765579495;1.0846034335863324;1.312749422390254;1.1787111426170973;1.2784341524889729;1.026841640482205;0.9219959747807693;0.7822068880537244;3.851197;4.289139598728136;5.055656637261079;3.954569445300146
05.08.2016;0.90204;0.76496;0.980397;1.108598288324243;0.8480333466365128;1.0868664360782228;1.3072578958376908;1.1791989123614306;1.2816317193055846;1.0199949612248915;0.9200762548233011;0.780255345538593;3.864504;4.28418251962219;5.05190336749634;3.941774607633439
06.08.2016;0.90204;0.76496;0.980397;1.108598288324243;0.8480333466365128;1.0868664360782228;1.3072578958376908;1.1791989123614306;1.2816317193055846;1.0199949612248915;0.9200762548233011;0.780255345538593;3.864504;4.28418251962219;5.05190336749634;3.941774607633439
07.08.2016;0.901696;0.76436;0.98052;1.1090212222301086;0.8476914614238058;1.087417488821066;1.308284054633942;1.179674498927207;1.2827986812496728;1.019867009341982;0.9196100028556278;0.7795455472606373;3.860596;4.281482894456668;5.050756188183579;3.937294496797618
08.08.2016;0.902102;0.76735;0.98288;1.108522096170943;0.850624430496773;1.0895441978844964;1.3031862904802243;1.175606959014791;1.2808757411872027;1.017418199576754;0.917814992674589;0.7807158554452222;3.851803;4.269808735597526;5.019616863230599;3.91889447338434
09.08.2016;0.899402;0.76904;0.981479;1.1118498735826694;0.8550570267800159;1.0912573020740448;1.300322479975034;1.1695126391345054;1.2762392073234163;1.0188705005405108;0.9163741659271365;0.7835521697356744;3.832297;4.260938934981243;4.983221939040883;3.904614362609898
10.08.2016;0.893804;0.76808;0.97387;1.1188135206376342;0.859338288931354;1.0895789233433728;1.3019477137798146;1.1636860743672535;1.267927820018748;1.026831096552928;0.9177857414233933;0.7886884286403729;3.809897;4.26256427583676;4.960286688886574;3.9121207142637107
11.08.2016;0.897596;0.77203;0.975011;1.1140869611718414;0.8601085566334966;1.0862470420991182;1.2952864525989922;1.162643938707045;1.262918539434996;1.0256294544369244;0.9206008957847654;0.7918167077089386;3.824501;4.260826697088668;4.953824333251299;3.922520874123472
12.08.2016;0.895704;0.77384;0.974304;1.1164402525834427;0.8639461250591713;1.0877522038530587;1.2922567972707537;1.1574795823426032;1.2590509666080842;1.0263736985581502;0.9193270272933294;0.794249022892239;3.825504;4.270946652018971;4.943533546986457;3.9263966893289983
13.08.2016;0.895704;0.77384;0.974304;1.1164402525834427;0.8639461250591713;1.0877522038530587;1.2922567972707537;1.1574795823426032;1.2590509666080842;1.0263736985581502;0.9193270272933294;0.794249022892239;3.825504;4.270946652018971;4.943533546986457;3.9263966893289983
14.08.2016;0.895395;0.774595;0.974604;1.1168255350990344;0.8650874753600366;1.0884626338096595;1.2909972308109399;1.1559524654819615;1.2582110651372653;1.026057762947823;0.9187269906546659;0.7947792128905689;3.82097;4.267356864847358;4.932861689011677;3.920535930490743
15.08.2016;0.894101;0.77632;0.97302;1.118441876253354;0.8682687973730037;1.0882663144320384;1.288128606760099;1.1517170754328112;1.2533748969497114;1.0277281042527389;0.9188927257404781;0.7978458818934863;3.816297;4.268306377020045;4.9158813375927455;3.922115681075415
16.08.2016;0.886598;0.76734;0.96176;1.1279068980530071;0.8654880791519945;1.08477573827146;1.3032032736466235;1.155417416008549;1.2533687804623763;1.0397604391948096;0.9218495258692397;0.7978497754117452;3.7887;4.273300864653428;4.9374462428649615;3.939340375977375
17.08.2016;0.884799;0.76665;0.96141;1.1302001923600726;0.8664679774728499;1.0865857669368975;1.304376182090915;1.1541107415378595;1.2540403052240265;1.0401389625653987;0.9203139139389023;0.797422535650763;3.793802;4.287755750176029;4.948544968368877;3.9460812764585347
18.08.2016;0.8811;0.75972;0.95467;1.1349449551696742;0.8622403813415049;1.083497900351833;1.3162744168904335;1.159769388722161;1.25660769757279;1.047482376109022;0.9229367215896592;0.7957933107775461;3.779398;4.289408693678356;4.97472489864687;3.9588527973016854
19.08.2016;0.882504;0.76481;0.95963;1.1331393398783463;0.8666362985323579;1.0873945047274574;1.3075142845935592;1.1538865862109544;1.2547299329245172;1.0420682971561956;0.9196294405135312;0.79698425434803;3.799504;4.305367454425136;4.967905754370367;3.959342663318154
20.08.2016;0.882504;0.76481;0.95963;1.1331393398783463;0.8666362985323579;1.0873945047274574;1.3075142845935592;1.1538865862109544;1.2547299329245172;1.0420682971561956;0.9196294405135312;0.79698425434803;3.799038;4.304839411492752;4.967296452713746;3.958857059491679
21.08.2016;0.885101;0.76595;0.96187;1.1298145635356869;0.8653814649401593;1.086734734228071;1.3055682485801945;1.1555597623865788;1.2557869312618317;1.0396415315999044;0.9201877592606069;0.7963134311289467;3.815597;4.310917059183076;4.981522292577845;3.966853109048
22.08.2016;0.883303;0.76138;0.96251;1.1321143480776132;0.8619692223393332;1.0896713811681835;1.313404607423363;1.1601342299508788;1.264165068691061;1.0389502446727827;0.9177078679702029;0.7910359372889632;3.806975;4.309931020272772;5.000098505345557;3.955257607713167
23.08.2016;0.884603;0.758031;0.96343;1.1304506089172204;0.8569166055281295;1.0891100301491177;1.3192072619721358;1.1669747015623373;1.2709638524018148;1.0379581287690856;0.9181808745835193;0.7868044383089586;3.809896;4.306899253111283;5.026042470558592;3.9545125229648237
24.08.2016;0.887699;0.755498;0.96726;1.126507971733662;0.8510745196288382;1.089626100739102;1.3236302412448477;1.1749852415228101;1.2802945871464915;1.0338481897318197;0.9177460041767467;0.7810702396460104;3.8255;4.309456245867124;5.063547487882165;3.9549862498190764
25.08.2016;0.885702;0.75797;0.96706;1.1290479190517804;0.8557844512036781;1.0918570805982148;1.3193134292913966;1.1685185429502487;1.275855244930538;1.0340620023576614;0.9158707836121853;0.7837879759270366;3.8375;4.3327213893612075;5.062865284905735;3.9682129340475254
26.08.2016;0.892804;0.76118;0.977104;1.1200666663679821;0.8525723451059807;1.094421619974821;1.3137497044063167;1.1729209910927771;1.2836700911742296;1.02343251076651;0.9137246393423832;0.7790163585452521;3.872038;4.336940694710149;5.086888777950025;3.962769572123336
27.08.2016;0.892804;0.76118;0.977104;1.1200666663679821;0.8525723451059807;1.094421619974821;1.3137497044063167;1.1729209910927771;1.2836700911742296;1.02343251076651;0.9137246393423832;0.7790163585452521;3.872038;4.336940694710149;5.086888777950025;3.962769572123336
28.08.2016;0.8928;0.76175;0.97787;1.1200716845878136;0.853214605734767;1.0952844982078853;1.3127666557269444;1.172038070233016;1.2837151296357072;1.0226308200476546;0.913004796138546;0.7789890271713009;3.855202;4.318102598566308;5.060980636691827;3.9424483827093577
29.08.2016;0.892898;0.76309;0.97768;1.1199487511451476;0.8546216925113508;1.094951495019588;1.3104614134636805;1.1701083751588934;1.281211914715171;1.022829555682841;0.9132824646100973;0.7805110056460192;3.878194;4.343378526998605;5.082223590926365;3.96673144587186
30.08.2016;0.896699;0.76394;0.98313;1.1152014221048534;0.8519469744027817;1.0963879741139444;1.3090033248684452;1.17378197240621;1.2869204387779145;1.0171594804349375;0.912085888946528;0.7770488134834661;3.908502;4.358766988699664;5.116242113254968;3.975569863598914
31.08.2016;0.895996;0.76152;0.98354;1.1160764110554064;0.8499145085469131;1.0977057933294345;1.3131631473894316;1.1765889274083412;1.2915484819834016;1.0167354657665169;0.9109909103849361;0.7742643918905179;3.9125;4.366648958254278;5.137750814161151;3.9779775098114976
01.09.2016;0.892699;0.75338;0.97985;1.120198409542298;0.8439350777809767;1.0976264115900207;1.327351403010433;1.1849252701160105;1.3006052722397727;1.0205643720977702;0.9110567944073072;0.7688727866510181;3.895599;4.363843804014567;5.170828798216039;3.975709547379701
02.09.2016;0.896204;0.75219;0.978604;1.1158173808641783;0.8393066757122263;1.0919433521832083;1.3294513354338664;1.1914596046211727;1.3010063946609234;1.0218637978181164;0.9157984230597872;0.768635730080809;3.913504;4.366755783281485;5.202813119025778;3.99906806021639
03.09.2016;0.896204;0.75219;0.978604;1.1158173808641783;0.8393066757122263;1.0919433521832083;1.3294513354338664;1.1914596046211727;1.3010063946609234;1.0218637978181164;0.9157984230597872;0.768635730080809;3.913504;4.366755783281485;5.202813119025778;3.99906806021639
04.09.2016;0.895896;0.75215;0.98007;1.1162009876146337;0.8395505728343468;1.0939551019314742;1.3295220368277605;1.1911134747058434;1.3030246626337831;1.0203352821737224;0.9141142979583091;0.7674451824869652;3.904701;4.358431112539848;5.191386026723393;3.9841041966390156
05.09.2016;0.896502;0.75133;0.97995;1.1154464797624546;0.838068403639925;1.0930817778432174;1.3309730744147046;1.1932200231589314;1.3042870642726896;1.0204602275626307;0.9148446349303536;0.7667023827746314;3.892007;4.341325507360831;5.180156522433551;3.9716383488953517
06.09.2016;0.888396;0.74515;0.96997;1.1256241585959414;0.8387588417777658;1.0918216651133055;1.342011675501577;1.1922378044688988;1.3017110648862646;1.0309597204037237;0.9159004917677867;0.7682196356588348;3.849203;4.332755888139974;5.165675367375696;3.968373248657175
07.09.2016;0.889404;0.74962;0.96965;1.1243484400789743;0.8428340776520007;1.0902244649225774;1.334009231343881;1.1864731463941731;1.2935220511725942;1.0312999535915022;0.9172423039240963;0.7730830712112617;3.843201;4.321097049259954;5.126865611910035;3.9634930129428145
08.09.2016;0.8871;0.75154;0.97183;1.1272686281140796;0.8471874647728553;1.095513470860106;1.330601165606621;1.1803762940096336;1.2931181307714825;1.0289865511457765;0.9128139695214184;0.7733245526480969;3.8378;4.326231540976215;5.106581153365091;3.949044585987261
09.09.2016;0.890404;0.75327;0.97527;1.1230857004236279;0.8459867655581063;1.0953117910521517;1.3275452361039202;1.182051588407875;1.2947150424150702;1.02535708060332;0.9129820459975186;0.772370728106063;3.866504;4.342415353030759;5.132958965576752;3.9645472535810597
10.09.2016;0.890404;0.75327;0.97527;1.1230857004236279;0.8459867655581063;1.0953117910521517;1.3275452361039202;1.182051588407875;1.2947150424150702;1.02535708060332;0.9129820459975186;0.772370728106063;3.866504;4.342415353030759;5.132958965576752;3.9645472535810597
11.09.2016;0.889401;0.75342;0.97489;1.1243522325700106;0.8471094590628974;1.0961197480101776;1.3272809322821268;1.1804849884526558;1.2939529080725227;1.0257567520438202;0.9123090810245258;0.7728256521248551;3.857103;4.336742369302486;5.119459265748189;3.956449445578475
12.09.2016;0.8893;0.74966;0.97158;1.1244799280332847;0.8429776228494321;1.0925222084785786;1.333938051916869;1.1862711095696716;1.2960275324813915;1.0292513225879496;0.9153132011774635;0.7715885464912823;3.868498;4.350048352636906;5.160336685964304;3.981656682928838
13.09.2016;0.891199;0.75802;0.97687;1.1220838443490175;0.8505619956934423;1.0961300450292248;1.3192264056357352;1.1756932534761615;1.2887126988733806;1.0236776643770409;0.9123005108151545;0.7759681431510846;3.879903;4.3535764739412866;5.118470488905306;3.9717700410494743
14.09.2016;0.888797;0.75369;0.97328;1.1251163088984324;0.8479889108536595;1.0950532011246663;1.3268054505167908;1.1792607040029721;1.291353208878982;1.0274535590991287;0.9131976409666283;0.7743814729574223;3.854799;4.337097222425368;5.114568323846674;3.960626952161762
15.09.2016;0.889047;0.75488;0.97156;1.1247999262131247;0.8490889682997637;1.0928106163116236;1.32471386180585;1.1777328846969055;1.2870389995760916;1.029272510189798;0.9150716373667093;0.7769772324920746;3.847501;4.3276688409049235;5.096837908011869;3.9601270122277574
16.09.2016;0.89604;0.769104;0.97962;1.1160216061782957;0.8583366813981519;1.093277085844382;1.3002142753125714;1.1650439992510766;1.2737159083817013;1.0208039852187583;0.9146812029154161;0.7851044282476879;3.865038;4.313465916700148;5.025377582225551;3.945446193421939
17.09.2016;0.89604;0.769104;0.97962;1.1160216061782957;0.8583366813981519;1.093277085844382;1.3002142753125714;1.1650439992510766;1.2737159083817013;1.0208039852187583;0.9146812029154161;0.7851044282476879;3.865038;4.313465916700148;5.025377582225551;3.945446193421939
18.09.2016;0.895902;0.768304;0.97977;1.1161935122368296;0.857575940225605;1.0936129174842786;1.3015681292821593;1.166077490160145;1.275237406026781;1.0206477030323442;0.9144003184420832;0.7841677128305622;3.8598;4.308283718531714;5.023792665403278;3.9394960041642424
19.09.2016;0.894298;0.76668;0.97989;1.1181955008285829;0.857298126575258;1.09570858930692;1.3043251421714404;1.166455365993635;1.2780951635623727;1.0205227117329496;0.9126514200573533;0.7824143526314178;3.841797;4.295880120496747;5.010952418218814;3.920641092367511
20.09.2016;0.896403;0.77015;0.97912;1.1155696712304624;0.8591559822981405;1.0922765764951703;1.2984483542167111;1.1639330000649224;1.271336752580666;1.0213252716725223;0.915519037503064;0.786573657978593;3.856704;4.302422013313209;5.007730961501006;3.9389492605605034
21.09.2016;0.8933;0.76718;0.97312;1.119444755401321;0.8588156274487854;1.0893540803761335;1.3034750645220157;1.1643942751375167;1.268437654787664;1.0276224926011182;0.9179751726405787;0.7883714238737257;3.832099;4.2898231277286465;4.995045491279752;3.937951126274252
22.09.2016;0.891904;0.76423;0.96908;1.1211969001148105;0.8568523069747416;1.0865294919632607;1.3085066014158042;1.1670622718291614;1.2680475773000277;1.0319065505427827;0.9203615800553102;0.7886139431213108;3.816702;4.2792744510619976;4.994179762636903;3.93847979526974
23.09.2016;0.890304;0.77128;0.96953;1.1232118467399899;0.8663108331536195;1.0889875817698225;1.2965460014521315;1.1543200912768385;1.2570402447878852;1.0314275989396924;0.9182841170464039;0.795519478510206;3.830804;4.302804435338941;4.966813608546832;3.9511969717285695
24.09.2016;0.890304;0.77128;0.96953;1.1232118467399899;0.8663108331536195;1.0889875817698225;1.2965460014521315;1.1543200912768385;1.2570402447878852;1.0314275989396924;0.9182841170464039;0.795519478510206;3.830804;4.302804435338941;4.966813608546832;3.9511969717285695
25.09.2016;0.889599;0.77052;0.96924;1.1241019830283083;0.866143059962972;1.0895246060303574;1.2978248455588435;1.1545436847843016;1.2579037533094535;1.03173620568693;0.9178314968428872;0.7949733812058932;3.827399;4.302386805740564;4.967293516067072;3.9488661219099503
26.09.2016;0.888699;0.77116;0.969105;1.1252403794760655;0.8677403710367627;1.0904760779521525;1.2967477566263812;1.1524184345661084;1.256684734685409;1.0318799304512927;0.9170306623121334;0.7957445271668189;3.817973;4.296137387349372;4.950947922610094;3.939689713704913
27.09.2016;0.891199;0.76839;0.97052;1.1220838443490175;0.8621980051593415;1.0890048126176086;1.3014224547430342;1.1598263902445372;1.2630565207772095;1.0303754688208382;0.9182695874376622;0.7917302064872439;3.815899;4.281758619567571;4.966096643631489;3.9318087210979678
28.09.2016;0.8907;0.766905;0.97056;1.1227124733355787;0.861013809363422;1.0896598181205792;1.3039424700582212;1.1614215580808576;1.265554403739707;1.0303330036267722;0.917717606330366;0.7901675321463897;3.8274;4.297069720444594;4.990709409900836;3.943496538081108
29.09.2016;0.891101;0.77129;0.96616;1.1222072469899596;0.865547227530886;1.0842317537518193;1.2965291913547432;1.1553384589454032;1.252654643519299;1.0350252546162126;0.9223120394137617;0.7983046286329386;3.834954;4.303613170673134;4.972129808502639;3.969274240291463
30.09.2016;0.889304;0.77049;0.971404;1.1244748702356;0.8663966427678275;1.0923193868463428;1.2978753780062038;1.1542057651624291;1.2607613336967385;1.0294378034267926;0.9154831563386603;0.7931715331623094;3.823304;4.29920926927125;4.962172124232631;3.935853671592869
01.10.2016;0.889304;0.77049;0.971404;1.1244748702356;0.8663966427678275;1.0923193868463428;1.2978753780062038;1.1542057651624291;1.2607613336967385;1.0294378034267926;0.9154831563386603;0.7931715331623094;3.823304;4.29920926927125;4.962172124232631;3.935853671592869
02.10.2016;0.890198;0.77335;0.97205;1.1233455927782359;0.8687393141750487;1.091948083460084;1.2930755802676668;1.1510932954031163;1.2569341177991853;1.0287536649349314;0.915794455017746;0.7955866467774292;3.824506;4.296241959653919;4.945375315187173;3.9344745640656344
03.10.2016;0.891898;0.77823;0.97383;1.1212044426604837;0.8725549334116681;1.0918625223960587;1.2849671690888298;1.146059648175989;1.251339578273775;1.026873273569309;0.9158662189499194;0.7991435876898432;3.832305;4.296797391629984;4.924386106934968;3.93529158066603
04.10.2016;0.8917;0.78551;0.97837;1.12145340361108;0.8809128630705394;1.0971963664909723;1.2730582678769207;1.13518605746585;1.2455220175427428;1.0221082003740916;0.9114138822735776;0.8028762124758527;3.840101;4.306494336660312;4.888672327532431;3.92499872236475
05.10.2016;0.8919;0.78426;0.97442;1.121201928467317;0.8793138244197779;1.0925215831371229;1.2750873434830288;1.1372504016525133;1.2424706092367328;1.0262515137209829;0.9153137250877446;0.8048480121508179;3.837802;4.302951003475726;4.893532756993855;3.938550111861415
06.10.2016;0.897396;0.80604;0.98079;1.114335254447312;0.8981987884947114;1.0929288742093792;1.2406332191950773;1.1133392883727855;1.2168006550543398;1.0195862518989793;0.9149726241091365;0.8218273024806533;3.839599;4.278600528640645;4.7635340677882;3.9148023532050695
07.10.2016;0.892404;0.80396;0.977404;1.120568711032223;0.900892420921466;1.095248340437739;1.2438429772625503;1.110010448281009;1.2157371013483258;1.023118382981858;0.913034937446542;0.8225462551820946;3.829804;4.291558531786053;4.7636748096920245;3.918342875617452
08.10.2016;0.892404;0.80396;0.977404;1.120568711032223;0.900892420921466;1.095248340437739;1.2438429772625503;1.110010448281009;1.2157371013483258;1.023118382981858;0.913034937446542;0.8225462551820946;3.829804;4.291558531786053;4.7636748096920245;3.918342875617452
09.10.2016;0.893297;0.80443;0.97791;1.1194485148836277;0.9005179688278366;1.0947198971898484;1.2431162437999577;1.1104720112377708;1.2156558059744167;1.022588990806925;0.9134756777208537;0.8226012618748146;3.826051;4.283067109819019;4.756226147707072;3.9124776308658262
10.10.2016;0.897601;0.81036;0.98225;1.1140807552576257;0.9028064808305695;1.0943058218518027;1.2340194481465028;1.107657090675749;1.2121156029419025;1.0180707559175364;0.9138213285823364;0.8250038177653347;3.8293;4.266149436108026;4.725430672787403;3.8984983456350215
11.10.2016;0.903898;0.81379;0.98778;1.1063195183527346;0.9003117608402719;1.092800293838464;1.228818245493309;1.110726354464911;1.2138020865333807;1.0123711757678835;0.9150802810342383;0.823857539128146;3.870897;4.2824489046330445;4.756628860025313;3.9187845471663727
12.10.2016;0.907898;0.82054;0.99019;1.1014453165443696;0.903779940037317;1.0906401379890693;1.218709630243498;1.1064640358788114;1.2067540887708095;1.0099071895292822;0.9168927175592563;0.8286692452963573;3.903431;4.299415793404105;4.757148950691008;3.9421030307314755
13.10.2016;0.904978;0.81822;0.98671;1.1049992375505262;0.9041324761485915;1.0903137976834796;1.2221651878467894;1.1060326073672118;1.2059226125003055;1.0134690030505418;0.9171671514426731;0.8292406076760142;3.887802;4.296018245747411;4.751536261641124;3.9401668169979023
14.10.2016;0.911404;0.820204;0.989404;1.0972082632948725;0.8999346063875077;1.085582244537;1.2192088797421128;1.1111918498324806;1.2062901424523653;1.0107094776249137;0.9211646607452568;0.8289879563858648;3.920374;4.301466748006372;4.779754792710106;3.962359157634293
15.10.2016;0.911404;0.820204;0.989404;1.0972082632948725;0.8999346063875077;1.085582244537;1.2192088797421128;1.1111918498324806;1.2062901424523653;1.0107094776249137;0.9211646607452568;0.8289879563858648;3.920374;4.301466748006372;4.779754792710106;3.962359157634293
16.10.2016;0.9116;0.82099;0.99037;1.0969723562966214;0.9006033347959632;1.086408512505485;1.2180416326630044;1.110366752335595;1.2063118917404596;1.0097236386401043;0.920464068984319;0.8289730100871392;3.928703;4.309678587099605;4.785323816368043;3.9669042882962935
17.10.2016;0.9081;0.81835;0.98782;1.1012003083360864;0.9011672723268362;1.0877876885805529;1.221971039286369;1.1096719007759517;1.2070874320278608;1.0123301816120345;0.9192970379218885;0.8284404041222085;3.924698;4.321878647726021;4.7958672939451334;3.9730902391123886
18.10.2016;0.910703;0.81288;0.98996;1.0980528229290998;0.8925851787026067;1.0870283725868917;1.2301938785552602;1.1203412557819112;1.2178427320145653;1.0101418239120774;0.9199391894622005;0.8211240858216494;3.929102;4.314361542676371;4.83355722861923;3.9689502606165905
19.10.2016;0.910902;0.81366;0.98915;1.0978129370667755;0.8932464743737527;1.085901666699601;1.2290145761128726;1.119511835410368;1.215679767962048;1.0109690137997271;0.920893696608199;0.822585047768286;3.921974;4.30559379603953;4.820163213135707;3.9649941869281706
20.10.2016;0.914701;0.81596;0.992499;1.09325342379641;0.8920510636809187;1.085052929864513;1.2255502720721603;1.121012059414677;1.2163574194813471;1.0075576902344485;0.9216140268151404;0.8221267729237007;3.949919;4.3182624704684915;4.840824305112996;3.979771264253163
21.10.2016;0.918504;0.81724;0.99346;1.0887268863282034;0.8897511605828609;1.0816066124916168;1.2236307571827125;1.1239097449953501;1.2156282120307376;1.006583053167717;0.9245505606667606;0.8226199343707848;3.981404;4.334661580134654;4.8717683911702805;4.00761379421416
22.10.2016;0.918504;0.81724;0.99346;1.0887268863282034;0.8897511605828609;1.0816066124916168;1.2236307571827125;1.1239097449953501;1.2156282120307376;1.006583053167717;0.9245505606667606;0.8226199343707848;3.981404;4.334661580134654;4.8717683911702805;4.00761379421416
23.10.2016;0.9188;0.81858;0.994201;1.08837614279495;0.8909229429690901;1.082064649542882;1.2216276967431405;1.1224315277675976;1.214543477729727;1.005832824549563;0.9241591991961383;0.8233546335197812;3.975798;4.327163691771877;4.856944953455985;3.9989881321785035
24.10.2016;0.919702;0.81869;0.99394;1.087308715214276;0.8901687720587755;1.0807196244000774;1.221463557634758;1.123382476883802;1.2140614884754914;1.0060969475018613;0.9253093748113568;0.8236815099502988;3.974699;4.3217248630534675;4.854949981067315;3.9989325311387005
25.10.2016;0.918398;0.8211;0.99467;1.0888525454105953;0.8940568250366399;1.083048961343557;1.217878455730118;1.118497137985629;1.2113871635610767;1.0053585611308273;0.9233192918254295;0.8254999145445223;3.9649;4.3171914572984695;4.828766289124345;3.986146159027617
26.10.2016;0.9164;0.81724;0.99341;1.0912265386294195;0.8917939764295068;1.0840353557398517;1.2236307571827125;1.1213352258822378;1.2155670304928785;1.00663371618969;0.9224791375162319;0.8226613382188622;3.9657;4.327477084242688;4.852552493759483;3.992007328293454
27.10.2016;0.9174;0.82184;0.993809;1.090037061260083;0.8958360584259865;1.0832886418138217;1.216781855348973;1.1162756740971478;1.2092487588825076;1.0062295672508499;0.9231150049959298;0.8269597075494386;3.979203;4.3374787442773055;4.841822009150199;4.003991712693284
28.10.2016;0.909904;0.820404;0.98719;1.099017039160175;0.9016379749951643;1.0849386308885332;1.2189116581586632;1.1090925934052005;1.2032973998176508;1.0129762254479888;0.9217111194400268;0.8310497472624317;3.948804;4.339802880303856;4.813243231383562;4.00004457095392
29.10.2016;0.909904;0.820404;0.98719;1.099017039160175;0.9016379749951643;1.0849386308885332;1.2189116581586632;1.1090925934052005;1.2032973998176508;1.0129762254479888;0.9217111194400268;0.8310497472624317;3.948804;4.339802880303856;4.813243231383562;4.00004457095392
30.10.2016;0.910098;0.81874;0.98739;1.098782768449112;0.8996174038400261;1.0849271177389688;1.2213889635293256;1.111583652930112;1.2059872486992207;1.012771042850343;0.9217209005560113;0.8291961636232897;3.945101;4.3348089985913605;4.818502821408506;3.9954840539199306
31.10.2016;0.911199;0.81726;0.98927;1.0974551113423083;0.8969061642956149;1.0856794179976053;1.2236008124709394;1.1149438367227076;1.2104715757531264;1.0108463816753768;0.9210822121362217;0.8261243138880184;3.924203;4.30663664029482;4.801657979100898;3.966766403509659
01.11.2016;0.904204;0.817101;0.97509;1.1059451185794356;0.9036688623363753;1.078396025675622;1.2238389134268592;1.1066000408762198;1.193353086093396;1.0255463598231958;0.9273031207375729;0.8379749561578931;3.889699;4.301793621793312;4.760364997717541;3.9890666502579246
02.11.2016;0.901098;0.81275;0.97316;1.109757207318183;0.9019551702478532;1.079971323873763;1.2303906490310674;1.1087025530605967;1.1973669640110736;1.0275802540178387;0.9259505117349665;0.8351658514529984;3.897901;4.325723728162753;4.795940941248847;4.005406099716388
03.11.2016;0.900805;0.80227;0.974401;1.110118172079418;0.8906145059141546;1.0817002569923568;1.246463160781283;1.1228202475475837;1.214554950328443;1.0262715247623926;0.9244705208635869;0.8233468561711247;3.888007;4.316147223871981;4.846257494359754;3.9901508721768555
04.11.2016;0.896904;0.79882;0.967041;1.114946527164557;0.8906415848295915;1.0781990045757406;1.251846473548484;1.1227861095115297;1.2105868656267995;1.0340823191570987;0.9274725683812786;0.8260456381890736;3.888038;4.33495446558383;4.867226659322501;4.020551352010928
05.11.2016;0.896904;0.79882;0.967041;1.114946527164557;0.8906415848295915;1.0781990045757406;1.251846473548484;1.1227861095115297;1.2105868656267995;1.0340823191570987;0.9274725683812786;0.8260456381890736;3.888038;4.33495446558383;4.867226659322501;4.020551352010928
06.11.2016;0.9009;0.80102;0.97454;1.11000111000111;0.8891330891330891;1.0817404817404817;1.2484082794437092;1.124691018950838;1.2166238046490725;1.0261251462228334;0.9244361442321506;0.8219467646274139;3.895999;4.324563214563215;4.863797408304412;3.997782543559013
07.11.2016;0.904901;0.80676;0.974096;1.1050932643460445;0.8915450419438149;1.0764669284264246;1.2395260052555903;1.1216483216817887;1.2074173236154493;1.0265928614838784;0.928964906949623;0.8282140569307338;3.916204;4.327770662205037;4.854236699885964;4.02034707051461
08.11.2016;0.9075;0.80731;0.97942;1.1019283746556474;0.8895977961432506;1.0792506887052342;1.238681547360989;1.1241035042300975;1.2131894811162998;1.0210124359314696;0.9265687856078088;0.8242735496518347;3.926298;4.326499173553719;4.863432882040357;4.008799085172858
09.11.2016;0.915695;0.80529;0.98471;1.092066681591578;0.8794303780188818;1.0753689820300427;1.2417886724037304;1.137099678376734;1.2228017236026774;1.0155274141625454;0.929913375511572;0.817794071350956;3.972799;4.33856142056034;4.933376795936868;4.034486295457546
10.11.2016;0.918096;0.79627;0.98718;1.0892107143479548;0.8673058155138461;1.0752470329900141;1.2558554259233676;1.15299584311854;1.23975535936303;1.0129864867602667;0.9300188415486538;0.8066107498125976;4.012596;4.370562555549746;5.039240458638401;4.064705524828299
11.11.2016;0.92104;0.793704;0.98745;1.0857291757144099;0.8617475896812299;1.072103274559194;1.259915535262516;1.1604326045981876;1.2441035952949715;1.0127095042786975;0.9327459618208516;0.8037915843840193;4.087038;4.43741639885347;5.149322669408242;4.138982226948199
12.11.2016;0.92104;0.793704;0.98745;1.0857291757144099;0.8617475896812299;1.072103274559194;1.259915535262516;1.1604326045981876;1.2441035952949715;1.0127095042786975;0.9327459618208516;0.8037915843840193;4.087038;4.43741639885347;5.149322669408242;4.138982226948199
13.11.2016;0.923497;0.79553;0.98966;1.0828405506460768;0.8614321432554735;1.0716439793523964;1.25702361947381;1.1608575415132052;1.2440259952484507;1.0104480326576804;0.93314572681527;0.8038417234201645;4.078003;4.415827014056353;5.126146091285055;4.1206101085221185
14.11.2016;0.930299;0.798898;0.99706;1.0749232236087538;0.8587540134945861;1.0717629493313439;1.251724250154588;1.164477818194563;1.2480441808591334;1.002948669087116;0.933042143903075;0.8012536858363589;4.112895;4.421046351764326;5.148210409839554;4.125022566345055
15.11.2016;0.932402;0.80325;1.001699;1.072498771988906;0.8614846386000888;1.0743209474025153;1.2449424214130096;1.160786803610333;1.2470575785869902;0.9983038817049833;0.9308205359094899;0.8018875929795279;4.107797;4.405607238079712;5.113970743853097;4.100829690356085
16.11.2016;0.934015;0.803702;1.00114;1.0706466170243518;0.8604808273957056;1.0718671541677596;1.2442422689006623;1.162140942787252;1.2456607050872088;0.9988612981201431;0.9329514353636855;0.8027868230217553;4.158896;4.452707932956109;5.174674195161889;4.154160257306671
17.11.2016;0.9412;0.80583;1.007301;1.062473438164046;0.8561729706757332;1.0702305567360815;1.2409565292927789;1.1679882853703634;1.2500167529131454;0.9927519182448941;0.9343781054520943;0.799989278279283;4.170702;4.431260093497663;5.175659878634452;4.140472410927816
18.11.2016;0.944304;0.80992;1.00995;1.0589810061166742;0.8576898964740168;1.0695178671275352;1.2346898459107072;1.1659225602528644;1.2469750098775187;0.990148027130056;0.9350007426110205;0.8019406901331749;4.184504;4.431310256019247;5.166564598972737;4.1432783801178275
19.11.2016;0.944304;0.80992;1.009304;1.0589810061166742;0.8576898964740168;1.0688337653975837;1.2346898459107072;1.1659225602528644;1.2461774002370605;0.9907817664449958;0.9355991851810753;0.802453968279131;4.184504;4.431310256019247;5.166564598972737;4.14593026481615
20.11.2016;0.944804;0.81148;1.01106;1.058420582470015;0.8588871342627677;1.0701267141121333;1.2323162616453887;1.1642973332676099;1.2459456794991868;0.9890609855003659;0.9344687753446876;0.8026032085138369;4.195198;4.440283910737042;5.169810716222212;4.149306668249165
21.11.2016;0.939803;0.80049;1.00781;1.0640527855305846;0.8517636142893776;1.0723630377855784;1.2492348436582592;1.1740346537745632;1.2589913677872304;0.992250523412151;0.9325200186543098;0.7942866214861928;4.157796;4.424114415467923;5.194063636022936;4.125575257240948
22.11.2016;0.940396;0.80497;1.01087;1.0633818093654162;0.8559904550848791;1.0749407696332183;1.2422823210802887;1.1682373256146192;1.2557859299104315;0.9892468863454252;0.9302838149316925;0.7963140661014769;4.1528;4.4160119779327;5.158950022982223;4.108144469615282
23.11.2016;0.948302;0.80436;1.01742;1.0545163882391897;0.8482108020440745;1.0728860637223163;1.2432244268735393;1.178952210453031;1.2648813963896763;0.9828782606986298;0.9320654203770321;0.7905879577755499;4.203806;4.432982319978235;5.2262743050375455;4.131829529594465
24.11.2016;0.946797;0.80311;1.01678;1.0561926157349464;0.8482388516228928;1.0739155278269787;1.2451594426666335;1.1789132248384406;1.2660532181145796;0.9834969216546352;0.9311719349318437;0.789856212750054;4.191297;4.426816941752033;5.218833036570333;4.122127697240307
25.11.2016;0.943804;0.80094;1.01389;1.0595420235557382;0.848629588346733;1.0742590622629276;1.2485329737558368;1.178370414762654;1.2658750967613055;0.9863002889859848;0.9308741579461283;0.7899673534604346;4.154504;4.401871575030409;5.18703523360052;4.097588495793429
26.11.2016;0.943804;0.80094;1.012904;1.0595420235557382;0.848629588346733;1.0732143538277015;1.2485329737558368;1.178370414762654;1.2646440432491823;0.9872603919028852;0.9317803069195106;0.7907363382906968;4.154504;4.401871575030409;5.18703523360052;4.101577247202104
27.11.2016;0.942302;0.80125;1.01255;1.0612309004968683;0.8503112590231158;1.0745493482981041;1.24804992199688;1.176039937597504;1.2637129485179408;0.9876055503431929;0.9306226852994913;0.7913189472124833;4.161898;4.416734762316115;5.19425647425897;4.110313564762234
28.11.2016;0.941395;0.80587;1.01233;1.0622533580484281;0.8560381136504868;1.0753509419531653;1.240894933425987;1.168172285852557;1.2561951679551293;0.9878201772149399;0.9299289757292583;0.7960546462122036;4.1631;4.422266954891411;5.165969697345726;4.112394179763516
29.11.2016;0.938973;0.80065;1.011703;1.0649933491165349;0.8526869249701535;1.0774569662812457;1.2489851995253856;1.1727633797539498;1.2636020733154312;0.9884323759047863;0.9281113133004448;0.7913883817681671;4.164203;4.434848499371121;5.20102791481921;4.116033065039838
30.11.2016;0.943899;0.79893;1.01705;1.0594353845061812;0.8464147117435235;1.0774987578120117;1.2516741141276457;1.1814539446509706;1.273015157773522;0.9832358291136128;0.9280753158645101;0.7855366009537388;4.205018;4.454944861685413;5.2633121800408045;4.134524359667666
01.12.2016;0.937597;0.79434;1.01062;1.066556313640082;0.8472083421768628;1.0778831416909398;1.258906765364957;1.1803472064858875;1.2722763552131329;0.9894915992163226;0.9277443549504264;0.7859927569214937;4.211804;4.492126148014552;5.3022685499911875;4.167544675545704
02.12.2016;0.937504;0.78558;1.01028;1.0666621155749736;0.8379484247533877;1.0776274021230843;1.2729448305710431;1.1933908704396752;1.2860307034293135;0.9898246030803342;0.9279645246862256;0.7775864116878488;4.198038;4.477888094344131;5.343870770640801;4.15532129706616
03.12.2016;0.937504;0.78558;1.010904;1.0666621155749736;0.8379484247533877;1.078292999283203;1.2729448305710431;1.1933908704396752;1.2868250210035899;0.9892136147448224;0.92739172067773;0.7771064314712376;4.198038;4.477888094344131;5.343870770640801;4.152756344816125
04.12.2016;0.944401;0.78906;1.01377;1.0588722375346913;0.8355137277491235;1.073452908245544;1.2673307479786076;1.196868425721745;1.284781892378273;0.9864170373950698;0.9315732365329414;0.7783422275269538;4.234201;4.4834778870416265;5.366133120421767;4.176688006155242
05.12.2016;0.929601;0.78573;1.00704;1.0757303402212346;0.8452336002220308;1.083303481816392;1.272701818690899;1.1831048833568782;1.2816616394944826;0.9930092151255164;0.9231023593898952;0.7802371306005721;4.181506;4.4981728720171335;5.321810291066905;4.152273991102637
06.12.2016;0.932501;0.78952;1.01002;1.072384908970607;0.8466693333304737;1.0831302057584924;1.266592359914885;1.18109864221299;1.2792836153612321;0.9900794043682304;0.9232500346527792;0.7816874913368053;4.158904;4.459945887457493;5.267636032019454;4.11764519514465
07.12.2016;0.929201;0.79189;1.00684;1.0761934177858181;0.8522268056104114;1.083554580763473;1.2628016517445606;1.1733965576026975;1.2714392150424934;0.9932064677605181;0.9228884430495412;0.7865102697548767;4.115202;4.428753305259034;5.196683882862519;4.0872452425410195
08.12.2016;0.941402;0.79479;1.015901;1.0622454594317836;0.8442620687017873;1.0791362244822085;1.2581939883491238;1.1844663370198416;1.278200530957863;0.9843478842918749;0.9266670669681396;0.7823498549563392;4.179797;4.439970384596591;5.258995457919702;4.1143743337195255
09.12.2016;0.946604;0.79513;1.01639;1.0564079594001292;0.8399816607578248;1.0737224858546974;1.2576559807830165;1.1905021820331267;1.27826896230805;0.983874300219404;0.9313393480848887;0.7823079723334547;4.211504;4.449066346645481;5.296623193691597;4.143590550871221
10.12.2016;0.946604;0.79513;1.017404;1.0564079594001292;0.8399816607578248;1.0747936835255292;1.2576559807830165;1.1905021820331267;1.2795442254725642;0.9828937177365138;0.9304111247842548;0.7815282817838342;4.211504;4.449066346645481;5.296623193691597;4.139460823822199
11.12.2016;0.947896;0.79383;1.01805;1.0549680555672776;0.8374652915509719;1.0740102289702667;1.2597155562274038;1.1940793368857312;1.2824534220173083;0.9822700260301558;0.9310898285938806;0.7797554147635186;4.211053;4.44252639530075;5.3047289721980775;4.136391139924365
12.12.2016;0.939696;0.78889;1.01321;1.0641739456164547;0.8395161839573649;1.078231683438048;1.2676038484452838;1.1911622659686394;1.284348895283246;0.9869622289554979;0.9274444587005656;0.7786046328007027;4.180502;4.44878130799748;5.299220423633206;4.125997572072917
13.12.2016;0.94101;0.7897;1.01195;1.0626879629334438;0.8392046843285406;1.0753870840904984;1.2663036596175763;1.1916044067367355;1.2814359883500064;0.9881911161618658;0.9298977222194773;0.7803745244330254;4.163497;4.424498145609504;5.2722514879068;4.114330747566579
14.12.2016;0.950971;0.79768;1.022101;1.0515567772308514;0.8388058100615055;1.0747972335644305;1.2536355430749173;1.1921710460334973;1.281342142212416;0.9783768923032069;0.930408051650473;0.780431679452422;4.218014;4.435481208154613;5.287852271587605;4.126807429011419
15.12.2016;0.959704;0.80492;1.02974;1.0419879462834374;0.8387169377224644;1.072976667805907;1.2423594891417782;1.192297371167321;1.2793072603488547;0.9711189232233378;0.9319867150931302;0.781673043680929;4.256901;4.435639530521911;5.288601351687125;4.13395711538835
16.12.2016;0.956604;0.80074;1.02595;1.0453646440951532;0.837065285112753;1.0724918566094224;1.2488448185428478;1.1946499487973625;1.2812523415840347;0.9747063697061261;0.932408012086359;0.7804863784784835;4.226504;4.418237849726742;5.278247620950621;4.119600370388421
17.12.2016;0.956604;0.80074;1.025504;1.0453646440951532;0.837065285112753;1.072025623978156;1.2488448185428478;1.1946499487973625;1.2806953567949646;0.9751302774050613;0.9328135238867913;0.7808258183293288;4.226504;4.418237849726742;5.278247620950621;4.121392017973601
18.12.2016;0.956898;0.80066;1.02663;1.045043463357641;0.8367244993719289;1.072872970786855;1.248969600079934;1.1951365123772888;1.2822296605300625;0.974060761910328;0.9320767949504691;0.7798914896311233;4.237798;4.428683098930084;5.292880873279544;4.127872748702064
19.12.2016;0.960904;0.80722;1.02725;1.0406866867033544;0.8400631072406818;1.0690453989160207;1.2388196526349693;1.1903867594955526;1.2725774881692722;0.9734728644439037;0.9354139693356047;0.785806765636408;4.248898;4.421771581760509;5.263618344441415;4.136186906789973
20.12.2016;0.962199;0.80879;1.02897;1.039286052053681;0.8405641660404968;1.0693941689816762;1.2364148913809518;1.1896771720718604;1.2722338307842578;0.9718456320398069;0.9351088953030702;0.7860190287374754;4.241494;4.408125554069377;5.244246343302959;4.122077417223049
21.12.2016;0.958802;0.80955;1.02661;1.0429682040713306;0.8443349096059457;1.0707215879816687;1.2352541535420913;1.1843641529244642;1.2681242665678463;0.9740797381673664;0.9339496011143472;0.7885662520333915;4.231505;4.413325170368856;5.226984126984127;4.121823282453902
22.12.2016;0.9579;0.81391;1.02563;1.043950307965341;0.8496815951560707;1.0707067543584927;1.2286370728950375;1.1769114521261563;1.2601270410733374;0.9750104813626747;0.933962540097306;0.7935707808858945;4.233963;4.4200469777638585;5.202003907065892;4.128158302701754
23.12.2016;0.956504;0.81398;1.026041;1.0454739342438715;0.8509948729958264;1.0726991209655161;1.2285314135482444;1.17509521118455;1.260523600088454;0.9746199225956858;0.9322278544424638;0.7933211245944364;4.217504;4.4092904995692646;5.181336150765374;4.110463422026995
24.12.2016;0.956504;0.81398;1.025904;1.0454739342438715;0.8509948729958264;1.0725558910365245;1.2285314135482444;1.17509521118455;1.260355291284798;0.9747500740810057;0.9323523448587783;0.793427065300457;4.209904;4.401344897669011;5.171999312022408;4.103604235873922
25.12.2016;0.956198;0.81366;1.02601;1.045808504096432;0.8509325474431029;1.0730099832879803;1.2290145761128726;1.1751812796499765;1.2609812452375686;0.9746493698891823;0.9319577781892963;0.7930332063040321;4.2181;4.41132485112916;5.184106383501708;4.11116850712956
26.12.2016;0.956302;0.81463;1.02685;1.045694770062177;0.8518543305357512;1.0737716746383466;1.2275511581945178;1.1739096276837337;1.2605109067920406;0.9738520718702829;0.9312966840336953;0.7933291133076885;4.216304;4.408967041792237;5.175728858500178;4.106056386034961
27.12.2016;0.955701;0.81462;1.02767;1.0463523633437655;0.8523795622270982;1.0753049332374875;1.2275662271979573;1.173186270899315;1.261532984704525;0.9730750143528564;0.9299687642920392;0.7926863681921239;4.202401;4.397192218068203;5.158725540742923;4.089251413391458
28.12.2016;0.959597;0.81796;1.02809;1.042104133297624;0.8523994968721245;1.071376838401954;1.2225536701061177;1.1731588341728203;1.2568952026993985;0.9726774893248646;0.9333784007236722;0.7956112791681663;4.2287;4.406745748475662;5.16981270477774;4.113161299108055
29.12.2016;0.945498;0.81354;1.01648;1.0576436967608605;0.8604354530628304;1.0750736648834796;1.2291958600683432;1.1622022273028982;1.2494530078422696;0.9837871871556745;0.9301688178813158;0.8003502282386274;4.168016;4.4082758503984145;5.123308011898615;4.100440736659845
30.12.2016;0.950404;0.81026;1.017504;1.0521841238041927;0.8525427081535851;1.0706015547072614;1.23417174734036;1.1729617653592674;1.2557746896058055;0.9827971192250842;0.9340543132999969;0.7963211938233167;4.182038;4.400273988745839;5.161353145903784;4.110094898889833
31.12.2016;0.950404;0.81026;1.017804;1.0521841238041927;0.8525427081535851;1.0709172099444024;1.23417174734036;1.1729617653592674;1.2561449411300076;0.9825074375813025;0.9337789987070203;0.7960864763746262;4.182038;4.400273988745839;5.161353145903784;4.108883439247636
